arm,layer,tanh_alpha
xsa,0,0.058323632925748825
xsa,0,0.09779886901378632
xsa,0,0.06694307923316956
xsa,0,0.100152887403965
xsa,0,0.09630116075277328
xsa,0,0.05465494841337204
xsa,0,0.051076143980026245
xsa,0,0.02741919457912445
xsa,0,0.045918058604002
xsa,0,0.10034595429897308
xsa,0,0.06453768908977509
xsa,0,0.06755354255437851
xsa,0,0.04569240286946297
xsa,0,0.10080261528491974
xsa,0,0.09652528911828995
xsa,0,0.0686567947268486
xsa,0,0.09522378444671631
xsa,0,0.02960970439016819
xsa,0,0.041849032044410706
xsa,0,0.03628578782081604
xsa,0,0.057618893682956696
xsa,0,0.0984814390540123
xsa,0,0.07601074874401093
xsa,0,0.08799947053194046
xsa,0,0.10005266219377518
xsa,0,0.09123362600803375
xsa,0,0.05411699414253235
xsa,0,0.044745154678821564
xsa,0,0.07922998815774918
xsa,0,0.10444294661283493
xsa,0,0.043125879019498825
xsa,0,0.046242278069257736
xsa,0,0.03681100159883499
xsa,0,0.0826464593410492
xsa,0,0.052300646901130676
xsa,0,0.04607594758272171
xsa,0,0.03917365148663521
xsa,0,0.1072462946176529
xsa,0,0.049441903829574585
xsa,0,0.07892559468746185
xsa,0,0.08786043524742126
xsa,0,0.058969005942344666
xsa,0,0.09519383311271667
xsa,0,0.08241002261638641
xsa,0,0.030255373567342758
xsa,0,0.04829889163374901
xsa,0,0.09053429961204529
xsa,0,0.08295175433158875
xsa,0,0.030626792460680008
xsa,0,0.08483090251684189
xsa,0,0.07438775897026062
xsa,0,0.0833100900053978
xsa,0,0.04406280443072319
xsa,0,0.07181217521429062
xsa,0,0.10646862536668777
xsa,0,0.08108925819396973
xsa,0,0.06361746788024902
xsa,0,0.09359296411275864
xsa,0,0.06623424589633942
xsa,0,0.09014459699392319
xsa,0,0.08484264463186264
xsa,0,0.035153359174728394
xsa,0,0.09202860295772552
xsa,0,0.07452275604009628
xsa,1,0.058375097811222076
xsa,1,0.05396152660250664
xsa,1,0.07715513557195663
xsa,1,0.07979664951562881
xsa,1,0.03792204335331917
xsa,1,0.04011803865432739
xsa,1,0.052698004990816116
xsa,1,0.04663626849651337
xsa,1,0.059312280267477036
xsa,1,0.07376154512166977
xsa,1,0.06039213761687279
xsa,1,0.06379347294569016
xsa,1,0.08250366896390915
xsa,1,0.07767098397016525
xsa,1,0.06971241533756256
xsa,1,0.07246273010969162
xsa,1,0.06085667014122009
xsa,1,0.0539730079472065
xsa,1,0.05112049728631973
xsa,1,0.06601337343454361
xsa,1,0.07639220356941223
xsa,1,0.057529594749212265
xsa,1,0.055537618696689606
xsa,1,0.06539147347211838
xsa,1,0.0791807696223259
xsa,1,0.05437085032463074
xsa,1,0.0625588446855545
xsa,1,0.027068136259913445
xsa,1,0.060933917760849
xsa,1,0.060608815401792526
xsa,1,0.046949975192546844
xsa,1,0.06313645094633102
xsa,1,0.057596947997808456
xsa,1,0.04799257963895798
xsa,1,0.06967761367559433
xsa,1,0.07331323623657227
xsa,1,0.0518757700920105
xsa,1,0.08192481100559235
xsa,1,0.07327969372272491
xsa,1,0.06957603991031647
xsa,1,0.05098816007375717
xsa,1,0.07066808640956879
xsa,1,0.08323320001363754
xsa,1,0.06409920006990433
xsa,1,0.06425807625055313
xsa,1,0.05801668390631676
xsa,1,0.06169700622558594
xsa,1,0.07074370235204697
xsa,1,0.0389876589179039
xsa,1,0.07244712114334106
xsa,1,0.06336711347103119
xsa,1,0.06606054306030273
xsa,1,0.07831644266843796
xsa,1,0.08353998512029648
xsa,1,0.058272168040275574
xsa,1,0.053891949355602264
xsa,1,0.06259603053331375
xsa,1,0.06216314435005188
xsa,1,0.07832667231559753
xsa,1,0.06560961902141571
xsa,1,0.057316508144140244
xsa,1,0.07139643281698227
xsa,1,0.07772399485111237
xsa,1,0.07766955345869064
xsa,2,0.07101122289896011
xsa,2,0.052225951105356216
xsa,2,0.051960766315460205
xsa,2,0.05143646150827408
xsa,2,0.05775686353445053
xsa,2,0.06075224280357361
xsa,2,0.062395695596933365
xsa,2,0.0515667200088501
xsa,2,0.06280001997947693
xsa,2,0.021871352568268776
xsa,2,0.040259066969156265
xsa,2,0.03521093726158142
xsa,2,0.01349673606455326
xsa,2,0.04938359558582306
xsa,2,0.050251711159944534
xsa,2,0.05642332136631012
xsa,2,0.043926890939474106
xsa,2,0.06204742565751076
xsa,2,0.026200199499726295
xsa,2,0.05770934745669365
xsa,2,0.047329504042863846
xsa,2,0.06348896026611328
xsa,2,0.05979485064744949
xsa,2,0.05348850414156914
xsa,2,0.04928002506494522
xsa,2,0.0652950182557106
xsa,2,0.03717684745788574
xsa,2,0.027285831049084663
xsa,2,0.04322277009487152
xsa,2,0.03929932042956352
xsa,2,0.057128094136714935
xsa,2,0.0321737639605999
xsa,2,0.04990319907665253
xsa,2,0.044232625514268875
xsa,2,0.06545724719762802
xsa,2,0.06378617137670517
xsa,2,0.061097048223018646
xsa,2,0.06133214756846428
xsa,2,0.06359846889972687
xsa,2,0.0478166900575161
xsa,2,0.059624042361974716
xsa,2,0.05073465779423714
xsa,2,0.043950580060482025
xsa,2,0.03775681555271149
xsa,2,0.037274327129125595
xsa,2,0.04189804941415787
xsa,2,0.07449705898761749
xsa,2,0.037596218287944794
xsa,2,0.023777971044182777
xsa,2,0.023137526586651802
xsa,2,0.049353525042533875
xsa,2,0.04806319996714592
xsa,2,0.02629200927913189
xsa,2,0.054221104830503464
xsa,2,0.029788341373205185
xsa,2,0.07196330279111862
xsa,2,0.05871282517910004
xsa,2,0.004541099537163973
xsa,2,0.05111274868249893
xsa,2,0.029351770877838135
xsa,2,0.014786256477236748
xsa,2,0.06509074568748474
xsa,2,0.06396180391311646
xsa,2,0.04514480382204056
xsa,3,0.06034793704748154
xsa,3,0.06497286260128021
xsa,3,0.042305056005716324
xsa,3,0.06005178764462471
xsa,3,0.058712832629680634
xsa,3,0.04398898035287857
xsa,3,0.061568260192871094
xsa,3,0.046569544821977615
xsa,3,0.009202848188579082
xsa,3,0.02716892585158348
xsa,3,0.04021812602877617
xsa,3,0.05339101701974869
xsa,3,0.059403449296951294
xsa,3,0.049724072217941284
xsa,3,0.03349475562572479
xsa,3,0.06134018301963806
xsa,3,0.02042696438729763
xsa,3,0.050549764186143875
xsa,3,0.024996625259518623
xsa,3,0.050602927803993225
xsa,3,0.06615033000707626
xsa,3,0.06531892716884613
xsa,3,0.027277229353785515
xsa,3,0.05045607313513756
xsa,3,0.041831664741039276
xsa,3,0.044865820556879044
xsa,3,0.027622850611805916
xsa,3,0.04037151485681534
xsa,3,0.03564180061221123
xsa,3,0.03344929218292236
xsa,3,0.05465038865804672
xsa,3,0.029101187363266945
xsa,3,0.05294619873166084
xsa,3,0.05547834187746048
xsa,3,0.023280687630176544
xsa,3,0.04354335367679596
xsa,3,0.033261988312006
xsa,3,0.0392436608672142
xsa,3,0.04319975897669792
xsa,3,0.020114783197641373
xsa,3,0.049493592232465744
xsa,3,0.053230006247758865
xsa,3,0.04322173446416855
xsa,3,0.05221996456384659
xsa,3,0.05720223858952522
xsa,3,0.044666364789009094
xsa,3,0.05315022170543671
xsa,3,0.06847648322582245
xsa,3,0.038973864167928696
xsa,3,0.054674454033374786
xsa,3,0.02354775182902813
xsa,3,0.0682864785194397
xsa,3,0.06440138071775436
xsa,3,0.04598631709814072
xsa,3,0.05197777599096298
xsa,3,0.05907876417040825
xsa,3,0.04766038432717323
xsa,3,0.040247637778520584
xsa,3,0.048028796911239624
xsa,3,0.005677519831806421
xsa,3,0.030359620228409767
xsa,3,0.001437641098164022
xsa,3,0.04132715240120888
xsa,3,0.04024910554289818
xsa,4,0.0019115426111966372
xsa,4,0.0068435571156442165
xsa,4,0.06541065871715546
xsa,4,0.0394652783870697
xsa,4,0.050577763468027115
xsa,4,0.026098033413290977
xsa,4,0.033821336925029755
xsa,4,0.016765212640166283
xsa,4,0.0418652668595314
xsa,4,0.04502896964550018
xsa,4,0.051233746111392975
xsa,4,0.033379122614860535
xsa,4,0.04464311897754669
xsa,4,0.04722621664404869
xsa,4,0.04023787006735802
xsa,4,0.05190537869930267
xsa,4,0.03809112310409546
xsa,4,0.04578780755400658
xsa,4,0.07345149666070938
xsa,4,0.052682776004076004
xsa,4,0.04524977132678032
xsa,4,0.022971775382757187
xsa,4,0.060608942061662674
xsa,4,0.058019883930683136
xsa,4,0.027023078873753548
xsa,4,0.042288053780794144
xsa,4,0.04447655752301216
xsa,4,0.020530588924884796
xsa,4,0.05284885689616203
xsa,4,0.04982967674732208
xsa,4,0.042061008512973785
xsa,4,0.037843454629182816
xsa,4,0.017184719443321228
xsa,4,0.02424357831478119
xsa,4,0.0553927980363369
xsa,4,0.062371231615543365
xsa,4,0.04584423452615738
xsa,4,0.031372781842947006
xsa,4,0.011728954501450062
xsa,4,-0.0013796872226521373
xsa,4,-0.003280275035649538
xsa,4,0.04471496120095253
xsa,4,0.03933912515640259
xsa,4,0.03557613492012024
xsa,4,0.00429417472332716
xsa,4,0.05196899175643921
xsa,4,0.018055681139230728
xsa,4,0.03516269847750664
xsa,4,0.04372124746441841
xsa,4,0.0476020872592926
xsa,4,0.018943611532449722
xsa,4,0.06392747908830643
xsa,4,0.04786062613129616
xsa,4,0.04251924529671669
xsa,4,0.061220984905958176
xsa,4,0.06902160495519638
xsa,4,0.05729622766375542
xsa,4,0.025601334869861603
xsa,4,0.05159005522727966
xsa,4,0.06833478808403015
xsa,4,0.04550018161535263
xsa,4,0.04808076471090317
xsa,4,0.05310517176985741
xsa,4,0.03747963160276413
xsa,5,0.06826915591955185
xsa,5,0.04709317907691002
xsa,5,0.014527885243296623
xsa,5,0.04079722240567207
xsa,5,0.05959006026387215
xsa,5,0.0551166832447052
xsa,5,0.04898449033498764
xsa,5,0.056041132658720016
xsa,5,0.027782605960965157
xsa,5,0.03518642857670784
xsa,5,0.0006210150895640254
xsa,5,0.024973832070827484
xsa,5,0.02602577768266201
xsa,5,0.04104587063193321
xsa,5,0.020340440794825554
xsa,5,0.022166932001709938
xsa,5,0.05329931899905205
xsa,5,0.06838945299386978
xsa,5,0.062379587441682816
xsa,5,0.013144690543413162
xsa,5,0.02009427919983864
xsa,5,0.045817047357559204
xsa,5,0.04096267372369766
xsa,5,0.0361785963177681
xsa,5,0.05263323709368706
xsa,5,0.05465621128678322
xsa,5,0.022837424650788307
xsa,5,0.04976816475391388
xsa,5,0.016582323238253593
xsa,5,0.035781603306531906
xsa,5,0.011727701872587204
xsa,5,0.02269432134926319
xsa,5,0.050046008080244064
xsa,5,0.057713624089956284
xsa,5,0.06076042354106903
xsa,5,0.0600883774459362
xsa,5,0.016034893691539764
xsa,5,0.049449484795331955
xsa,5,0.010221424512565136
xsa,5,0.04481140151619911
xsa,5,0.0277545303106308
xsa,5,0.027715865522623062
xsa,5,0.06788696348667145
xsa,5,0.03139666095376015
xsa,5,0.018861979246139526
xsa,5,-0.005546957720071077
xsa,5,0.035885099321603775
xsa,5,0.04401018097996712
xsa,5,0.006322710309177637
xsa,5,0.037265170365571976
xsa,5,0.027088753879070282
xsa,5,0.015097384341061115
xsa,5,0.011792363598942757
xsa,5,0.02063448168337345
xsa,5,0.0040473248809576035
xsa,5,0.06306543201208115
xsa,5,0.05876360088586807
xsa,5,0.044831324368715286
xsa,5,0.03212900832295418
xsa,5,0.02254689484834671
xsa,5,0.02380911260843277
xsa,5,0.047154080122709274
xsa,5,0.0362468883395195
xsa,5,0.03245328739285469
xsa,6,0.03860484063625336
xsa,6,0.045016855001449585
xsa,6,0.033624645322561264
xsa,6,0.05714403837919235
xsa,6,0.012582625262439251
xsa,6,0.0428573377430439
xsa,6,0.030294615775346756
xsa,6,0.06285347789525986
xsa,6,0.010991022922098637
xsa,6,0.045370712876319885
xsa,6,0.029893260449171066
xsa,6,0.045213256031274796
xsa,6,0.04801351577043533
xsa,6,0.009094555862247944
xsa,6,0.06388407200574875
xsa,6,0.035566531121730804
xsa,6,0.03811269998550415
xsa,6,0.04470444470643997
xsa,6,0.005709492601454258
xsa,6,0.03128062188625336
xsa,6,0.025631731376051903
xsa,6,0.020316829904913902
xsa,6,0.019567597657442093
xsa,6,0.0384841114282608
xsa,6,0.023075230419635773
xsa,6,0.03318971395492554
xsa,6,0.020454324781894684
xsa,6,0.026213888078927994
xsa,6,0.03548535332083702
xsa,6,0.014536724425852299
xsa,6,0.0391119122505188
xsa,6,0.023757029324769974
xsa,6,0.022472474724054337
xsa,6,0.04656662046909332
xsa,6,0.033429741859436035
xsa,6,0.038840241730213165
xsa,6,0.013101821765303612
xsa,6,0.006502851378172636
xsa,6,0.017070529982447624
xsa,6,0.02861621230840683
xsa,6,0.044567808508872986
xsa,6,0.016538109630346298
xsa,6,0.021321387961506844
xsa,6,0.019892975687980652
xsa,6,0.06118607148528099
xsa,6,0.03737908974289894
xsa,6,0.038052670657634735
xsa,6,0.044834211468696594
xsa,6,0.05273173749446869
xsa,6,0.033330004662275314
xsa,6,0.045796893537044525
xsa,6,0.06984426826238632
xsa,6,0.05279829353094101
xsa,6,0.008463488891720772
xsa,6,0.03828077390789986
xsa,6,0.018709363415837288
xsa,6,0.026530597358942032
xsa,6,0.049701590090990067
xsa,6,0.020714497193694115
xsa,6,0.025178400799632072
xsa,6,0.004920116625726223
xsa,6,0.027424395084381104
xsa,6,0.05476688966155052
xsa,6,0.019985781982541084
xsa,7,0.030913744121789932
xsa,7,0.029695527628064156
xsa,7,0.03413425758481026
xsa,7,0.05511676147580147
xsa,7,-0.0032801940105855465
xsa,7,0.0209503136575222
xsa,7,0.022834468632936478
xsa,7,0.010129835456609726
xsa,7,0.02302532270550728
xsa,7,0.032344553619623184
xsa,7,0.03544318303465843
xsa,7,0.04674631357192993
xsa,7,0.0006979161989875138
xsa,7,0.037817832082509995
xsa,7,0.011206443421542645
xsa,7,0.04424192011356354
xsa,7,0.05264337733387947
xsa,7,0.014192617498338223
xsa,7,0.0444720983505249
xsa,7,0.057219646871089935
xsa,7,0.05718320235610008
xsa,7,0.04726053774356842
xsa,7,0.010959627106785774
xsa,7,0.02266637235879898
xsa,7,0.030892925336956978
xsa,7,0.048823386430740356
xsa,7,0.028765175491571426
xsa,7,0.03908029943704605
xsa,7,0.050574857741594315
xsa,7,0.020666955038905144
xsa,7,0.01236013788729906
xsa,7,0.0523245707154274
xsa,7,0.029881272464990616
xsa,7,0.02363329380750656
xsa,7,0.030471283942461014
xsa,7,0.00842859223484993
xsa,7,0.0554959699511528
xsa,7,0.037368182092905045
xsa,7,0.007916600443422794
xsa,7,0.032599929720163345
xsa,7,0.053461600095033646
xsa,7,0.009526204317808151
xsa,7,0.03042030520737171
xsa,7,0.052278969436883926
xsa,7,0.044407445937395096
xsa,7,0.043572183698415756
xsa,7,0.05829441547393799
xsa,7,0.03874494880437851
xsa,7,0.055374473333358765
xsa,7,0.025767387822270393
xsa,7,0.05585813894867897
xsa,7,0.043357305228710175
xsa,7,0.022395918145775795
xsa,7,0.04454818740487099
xsa,7,0.018316764384508133
xsa,7,0.025656724348664284
xsa,7,0.054167259484529495
xsa,7,0.04807102680206299
xsa,7,0.0423678383231163
xsa,7,0.02189597673714161
xsa,7,0.036944665014743805
xsa,7,0.02867768332362175
xsa,7,0.01633285917341709
xsa,7,0.003816345939412713
random,0,0.026344330981373787
random,0,0.02275438979268074
random,0,0.03912810981273651
random,0,0.02925417385995388
random,0,0.028808943927288055
random,0,0.022213049232959747
random,0,0.018643798306584358
random,0,0.0206103827804327
random,0,0.029471250250935555
random,0,0.040715597569942474
random,0,0.029330609366297722
random,0,0.026372969150543213
random,0,0.024347208440303802
random,0,0.021380914375185966
random,0,0.017420006915926933
random,0,0.027525676414370537
random,0,0.017780223861336708
random,0,0.020360242575407028
random,0,0.022779887542128563
random,0,0.020540889352560043
random,0,0.025227811187505722
random,0,0.02423311397433281
random,0,0.019345706328749657
random,0,0.023023048415780067
random,0,0.02531084418296814
random,0,0.017675479874014854
random,0,0.029232122004032135
random,0,0.02491169050335884
random,0,0.02222592569887638
random,0,0.020264005288481712
random,0,0.018120883032679558
random,0,0.02349194325506687
random,0,0.03708901256322861
random,0,0.025232931599020958
random,0,0.030846092849969864
random,0,0.032024282962083817
random,0,0.030752068385481834
random,0,0.018748903647065163
random,0,0.012213959358632565
random,0,0.026089077815413475
random,0,0.023450776934623718
random,0,0.01914164423942566
random,0,0.01928255893290043
random,0,0.02677381969988346
random,0,0.02218043990433216
random,0,0.024361805990338326
random,0,0.02788860723376274
random,0,0.0286577045917511
random,0,0.027471555396914482
random,0,0.024350838735699654
random,0,0.02761327289044857
random,0,0.022742316126823425
random,0,0.026246726512908936
random,0,0.034888751804828644
random,0,0.027069011703133583
random,0,0.020385073497891426
random,0,0.026209885254502296
random,0,0.025392824783921242
random,0,0.0318586602807045
random,0,0.028798116371035576
random,0,0.03197869658470154
random,0,0.02751150354743004
random,0,0.02686975710093975
random,0,0.02042367309331894
random,1,0.0176297165453434
random,1,0.02360319159924984
random,1,0.011095517314970493
random,1,0.018153786659240723
random,1,0.0276176817715168
random,1,0.020836718380451202
random,1,-0.004105699714273214
random,1,0.02110644429922104
random,1,0.024090878665447235
random,1,0.008465666323900223
random,1,0.009755237028002739
random,1,0.016041062772274017
random,1,0.01657474972307682
random,1,0.015463515184819698
random,1,0.001432119868695736
random,1,0.003051189938560128
random,1,0.015085008926689625
random,1,0.017260339111089706
random,1,0.013121262192726135
random,1,0.024801049381494522
random,1,0.010473394766449928
random,1,0.011335843242704868
random,1,0.002424421487376094
random,1,0.008219690062105656
random,1,0.018524447456002235
random,1,0.009826851077377796
random,1,0.013582552783191204
random,1,0.01647961139678955
random,1,0.0006458759889937937
random,1,0.013252658769488335
random,1,0.019665593281388283
random,1,0.014111455529928207
random,1,-0.005512502510100603
random,1,0.018597451969981194
random,1,0.017170356586575508
random,1,0.017773382365703583
random,1,0.026096010580658913
random,1,0.019856862723827362
random,1,0.026993218809366226
random,1,0.020610330626368523
random,1,0.007550023961812258
random,1,0.023322321474552155
random,1,0.01905192993581295
random,1,0.022516628727316856
random,1,0.013121319003403187
random,1,-0.005545368883758783
random,1,0.00889380369335413
random,1,0.020576275885105133
random,1,0.014677396975457668
random,1,0.02406592108309269
random,1,0.028992129489779472
random,1,0.0058896481059491634
random,1,0.006540627218782902
random,1,0.0043091801926493645
random,1,0.020255303010344505
random,1,0.017864523455500603
random,1,0.02170509099960327
random,1,0.0037008672952651978
random,1,0.021418370306491852
random,1,0.011090624146163464
random,1,-0.0010121023515239358
random,1,0.015593661926686764
random,1,0.016481490805745125
random,1,0.006466993596404791
random,2,-0.011553332209587097
random,2,0.009890759363770485
random,2,0.01930425874888897
random,2,0.00162162643391639
random,2,0.011583201587200165
random,2,0.0002555260434746742
random,2,0.006199959199875593
random,2,0.012979335151612759
random,2,0.013492358848452568
random,2,0.013934347778558731
random,2,0.0017909591551870108
random,2,0.0014501075493171811
random,2,0.01579137332737446
random,2,0.012996782548725605
random,2,0.006929957307875156
random,2,-0.0007995594060048461
random,2,0.00897764042019844
random,2,0.00239410693757236
random,2,0.0025998163037002087
random,2,0.006840282119810581
random,2,0.0066529083997011185
random,2,0.010926865972578526
random,2,0.011196266859769821
random,2,0.013389049097895622
random,2,0.005598688498139381
random,2,0.006091216579079628
random,2,0.014941612258553505
random,2,0.0077734109945595264
random,2,0.013531917706131935
random,2,0.008653403259813786
random,2,0.013178453780710697
random,2,0.016800232231616974
random,2,0.015450629405677319
random,2,-0.0002943379804491997
random,2,0.01011389959603548
random,2,0.008357497863471508
random,2,0.004141520708799362
random,2,0.014760238118469715
random,2,-0.0022023129276931286
random,2,0.0057079666294157505
random,2,0.012664886191487312
random,2,0.01321952510625124
random,2,0.005522232037037611
random,2,0.012404986657202244
random,2,0.005591141991317272
random,2,0.013105674646794796
random,2,-0.00810384564101696
random,2,0.013429181650280952
random,2,0.014262544922530651
random,2,-0.0003741623368114233
random,2,0.004384474828839302
random,2,0.009267527610063553
random,2,0.003998985979706049
random,2,0.014042393304407597
random,2,0.011491342447698116
random,2,0.018138105049729347
random,2,0.02321973443031311
random,2,0.009762308560311794
random,2,0.012061850167810917
random,2,0.010687386617064476
random,2,0.015495313331484795
random,2,0.005225671920925379
random,2,0.010248387232422829
random,2,0.010485377162694931
random,3,0.018904641270637512
random,3,0.016765350475907326
random,3,0.0019544686656445265
random,3,0.0017853566678240895
random,3,0.0072450353763997555
random,3,0.007222738116979599
random,3,0.009626293554902077
random,3,-0.004879944026470184
random,3,0.015094167552888393
random,3,0.018969452008605003
random,3,0.001355058397166431
random,3,0.015180748887360096
random,3,0.010366566479206085
random,3,0.00978553481400013
random,3,0.010372325778007507
random,3,-0.0037660268135368824
random,3,0.0050285011529922485
random,3,0.006306593306362629
random,3,0.005978081375360489
random,3,0.010417542420327663
random,3,0.0035101682879030704
random,3,0.013467359356582165
random,3,0.004063724540174007
random,3,-0.0006824693409726024
random,3,0.01683751493692398
random,3,0.01739046908915043
random,3,0.0022464310750365257
random,3,0.01630367897450924
random,3,0.008225589990615845
random,3,0.002200769493356347
random,3,0.01595667004585266
random,3,-0.017792657017707825
random,3,-0.006570550613105297
random,3,0.0031703463755548
random,3,0.003555858042091131
random,3,0.003953938372433186
random,3,0.004943937994539738
random,3,-0.02109520137310028
random,3,0.010368524119257927
random,3,0.012680440209805965
random,3,0.014459000900387764
random,3,0.006227956153452396
random,3,0.005377302877604961
random,3,0.010897462256252766
random,3,0.006553092505782843
random,3,0.008206122554838657
random,3,-0.0011197456624358892
random,3,0.012665681540966034
random,3,0.018187325447797775
random,3,0.009958415292203426
random,3,0.013188318349421024
random,3,-0.005845230538398027
random,3,0.012875666841864586
random,3,0.010076586157083511
random,3,0.014469113200902939
random,3,0.01209449302405119
random,3,0.012811250984668732
random,3,0.010656384751200676
random,3,0.0019085906678810716
random,3,0.004504188895225525
random,3,0.008011042140424252
random,3,0.018210994079709053
random,3,0.016927873715758324
random,3,0.010182738304138184
random,4,-0.004490266088396311
random,4,0.001755754929035902
random,4,-0.011211836710572243
random,4,-0.0021197733003646135
random,4,-0.002726050326600671
random,4,0.0052261860109865665
random,4,0.012962054461240768
random,4,-0.010748977772891521
random,4,-0.014094495214521885
random,4,0.003125919261947274
random,4,0.014065805822610855
random,4,0.000676124996971339
random,4,-0.0024351743049919605
random,4,0.004771851003170013
random,4,-0.0005000904202461243
random,4,-0.012517998926341534
random,4,0.006794684566557407
random,4,0.003781671402975917
random,4,0.005455578677356243
random,4,0.006499013863503933
random,4,-0.0014599994756281376
random,4,-0.013267900794744492
random,4,-0.00010818301961990073
random,4,0.011409228667616844
random,4,0.007583957631140947
random,4,0.003248254768550396
random,4,-0.001821111305616796
random,4,0.0062097287736833096
random,4,-0.001968973083421588
random,4,-0.009716780856251717
random,4,-0.006503324490040541
random,4,-0.013425835408270359
random,4,0.0021968006622046232
random,4,-0.004294205456972122
random,4,0.005966361612081528
random,4,0.0074969143606722355
random,4,0.01203058660030365
random,4,0.016145166009664536
random,4,0.00874954741448164
random,4,0.00017444980039726943
random,4,-0.005570270586758852
random,4,-0.0013334945542737842
random,4,-0.00604864489287138
random,4,0.008600522764027119
random,4,-0.002137908712029457
random,4,-0.005772904492914677
random,4,-0.0033876134548336267
random,4,-0.006235778797417879
random,4,-0.004164553713053465
random,4,0.0006313921767286956
random,4,0.005301343277096748
random,4,-0.0013816301943734288
random,4,-0.006017322186380625
random,4,0.005982869770377874
random,4,0.0067998552694916725
random,4,0.006812877953052521
random,4,-0.0031510177068412304
random,4,-0.005212868098169565
random,4,0.0021867407485842705
random,4,-0.002154676942154765
random,4,0.0012297551147639751
random,4,0.00044909631833434105
random,4,-0.01318684034049511
random,4,0.0010624274145811796
random,5,-0.005731274839490652
random,5,0.0020148002076894045
random,5,0.001167135895229876
random,5,0.010009454563260078
random,5,-0.0018475212855264544
random,5,-0.0069677019491791725
random,5,-0.0024826328735798597
random,5,-0.0002749385603237897
random,5,-0.012484243139624596
random,5,-0.004859069362282753
random,5,-0.005853172391653061
random,5,-0.009498191066086292
random,5,-0.003108264645561576
random,5,-0.006585828028619289
random,5,-0.003595085581764579
random,5,-0.00530647486448288
random,5,-0.0008981499122455716
random,5,-0.024262800812721252
random,5,-0.011566326953470707
random,5,-0.016675660386681557
random,5,-0.0021441159769892693
random,5,-0.009291698224842548
random,5,0.007553861476480961
random,5,-0.0034839988220483065
random,5,0.007580071222037077
random,5,-0.00916787888854742
random,5,0.0050181434489786625
random,5,-0.00614527240395546
random,5,0.005663156043738127
random,5,-0.007882734760642052
random,5,-0.0018790796166285872
random,5,-0.01704278774559498
random,5,-0.021736156195402145
random,5,-8.50797732709907e-05
random,5,-0.004839959554374218
random,5,0.0015958898002281785
random,5,-0.010527274571359158
random,5,-0.018084324896335602
random,5,0.005244933534413576
random,5,-0.00730487797409296
random,5,-0.0037687269505113363
random,5,0.0010627078590914607
random,5,-0.016980096697807312
random,5,-0.004949446301907301
random,5,-0.013067730702459812
random,5,-0.00011209955118829384
random,5,-0.012996471486985683
random,5,-0.008131801150739193
random,5,-0.013671886175870895
random,5,0.008546719327569008
random,5,-0.007055745925754309
random,5,-0.013225110247731209
random,5,-0.012366382405161858
random,5,-0.0028695829678326845
random,5,-0.002024217275902629
random,5,-0.01034738402813673
random,5,0.0055664111860096455
random,5,0.005207509733736515
random,5,-0.0062930528074502945
random,5,0.0008503550197929144
random,5,0.002803114475682378
random,5,-0.008787120692431927
random,5,-0.014957625418901443
random,5,0.0008065472939051688
random,6,-0.001420709420926869
random,6,-0.018508166074752808
random,6,-0.00797413382679224
random,6,-0.002256471198052168
random,6,-0.013161499984562397
random,6,-0.009804937057197094
random,6,-0.00962365884333849
random,6,-0.0015725905541330576
random,6,0.0017485065618529916
random,6,-0.0031442956533282995
random,6,0.009204333648085594
random,6,-0.015587909147143364
random,6,0.005196104757487774
random,6,-0.008248823694884777
random,6,0.005163421388715506
random,6,-0.0192121509462595
random,6,0.0008698133169673383
random,6,-0.026202088221907616
random,6,-0.011479970067739487
random,6,-0.009134292602539062
random,6,-0.010826659388840199
random,6,-0.013808821327984333
random,6,-0.004241243936121464
random,6,-0.010380290448665619
random,6,0.00019545870600268245
random,6,-0.013077368959784508
random,6,0.009469399228692055
random,6,-0.0237711314111948
random,6,-0.012401267886161804
random,6,0.0004893292207270861
random,6,0.0040250965394079685
random,6,-0.008391917683184147
random,6,-0.00264851120300591
random,6,-0.012276978231966496
random,6,-0.010901885107159615
random,6,-0.020978938788175583
random,6,-0.011031217873096466
random,6,-0.018956169486045837
random,6,-0.004315522965043783
random,6,-0.0013928585685789585
random,6,-0.003739737905561924
random,6,-0.00738118402659893
random,6,9.686225530458614e-05
random,6,-0.02417750470340252
random,6,-0.01156697515398264
random,6,-0.008223319426178932
random,6,0.004411675035953522
random,6,-0.011660745367407799
random,6,-0.027491392567753792
random,6,-0.012479959987103939
random,6,-0.01980643719434738
random,6,-0.008669096045196056
random,6,-0.0007173629128374159
random,6,-0.007313471753150225
random,6,-0.0074439942836761475
random,6,-0.008613242767751217
random,6,0.008404737338423729
random,6,-0.007183979731053114
random,6,-0.017153717577457428
random,6,-0.005651826970279217
random,6,-0.009333154186606407
random,6,-0.010386967100203037
random,6,-0.010812328197062016
random,6,-0.010056835599243641
random,7,-0.016208166256546974
random,7,-0.025733506307005882
random,7,-0.0008622274617664516
random,7,-0.006118313409388065
random,7,-0.0015389082254841924
random,7,-0.011179503984749317
random,7,-0.01457609049975872
random,7,-0.008023497648537159
random,7,-0.0037690033204853535
random,7,-0.009962799027562141
random,7,-0.011429289355874062
random,7,-0.0039588697254657745
random,7,0.0015798972453922033
random,7,-0.0015685891266912222
random,7,-0.009518831968307495
random,7,-0.010380635038018227
random,7,-0.007242681458592415
random,7,-0.0036991708911955357
random,7,0.009377594105899334
random,7,-0.005477411672472954
random,7,-0.01167613547295332
random,7,0.005841088946908712
random,7,-0.013787666335701942
random,7,-0.0023052855394780636
random,7,-0.03940237686038017
random,7,-0.024306993931531906
random,7,-0.03128119558095932
random,7,-0.0012875288957729936
random,7,-0.01804184727370739
random,7,-0.003323204815387726
random,7,-0.02212182991206646
random,7,-0.021803127601742744
random,7,-0.01796824298799038
random,7,-0.0029551410116255283
random,7,-0.0028058832976967096
random,7,0.0006484214682132006
random,7,-0.0050589656457304955
random,7,-0.025787387043237686
random,7,-0.01603883132338524
random,7,-0.007228522095829248
random,7,-0.010579884983599186
random,7,-0.009935881942510605
random,7,-0.0054166303016245365
random,7,-0.019159452989697456
random,7,-0.014899023808538914
random,7,-0.017942357808351517
random,7,-0.00385736720636487
random,7,-0.010606087744235992
random,7,-0.023058509454131126
random,7,-0.020117217674851418
random,7,-0.009304029867053032
random,7,-0.0006769186584278941
random,7,-0.00457612844184041
random,7,-0.0013258429244160652
random,7,-0.008807247504591942
random,7,0.0015351177426055074
random,7,-0.009954667650163174
random,7,-0.005756981670856476
random,7,-0.010817442089319229
random,7,-0.0057548293843865395
random,7,-0.011675418354570866
random,7,-0.02237832359969616
random,7,-0.01178180705755949
random,7,-0.008484783582389355
