model,layer,head,delta_half_a,delta_half_b,delta_pooled,cos_self,cos_null,excess
gpt2,0,0,0.009268816779641753,0.0043254179113048075,0.00679711734547328,0.527111840810405,0.536988533659003,-0.009876692848598045
gpt2,0,1,0.205003177418428,0.18228598201976087,0.19364457971909443,0.995550165151465,0.22807657622093516,0.7674735889305299
gpt2,0,2,0.004390043370864127,0.0024773092830878696,0.0034336763269759984,0.5509295832448482,0.49102373940467414,0.059905843840174056
gpt2,0,3,0.0919036865234375,0.0732287238625915,0.0825662051930145,0.9794096233445624,0.37450949493071933,0.6049001284138431
gpt2,0,4,0.010727826286764497,0.013128392836626812,0.011928109561695655,0.8676334163666231,0.23441331587073014,0.633220100495893
gpt2,0,5,0.497147952809053,0.44989821490119475,0.47352308385512387,0.9682449101648458,0.3850065905310437,0.5832383196338021
gpt2,0,6,0.00433574003331838,0.0017834831686580621,0.0030596116009882213,0.2407219781831115,0.18454298710264205,0.05617899108046945
gpt2,0,7,0.013059728285846006,0.012128044577205621,0.012593886431525814,0.5017791727582134,0.2784967250455197,0.22328244771269368
gpt2,0,8,-0.006550508386948373,-0.010862462660845562,-0.008706485523896967,0.5238211945353041,0.3771922127374602,0.1466289817978439
gpt2,0,9,0.027265212115120008,0.0207977294921875,0.024031470803653754,0.5301869382978319,0.49613136886671994,0.03405556943111199
gpt2,0,10,0.061064776252298,0.04762582217945788,0.05434529921587794,0.7285273050673662,0.42893368480895405,0.29959362025841213
gpt2,0,11,-0.008729373707490495,-0.006633534150965126,-0.0076814539292278106,0.43089152639833417,0.4502759153317082,-0.01938438893337402
gpt2,1,0,0.007788714240579253,0.0061250574448528106,0.006956885842716032,0.5429019236340279,0.4104394966017516,0.1324624270322763
gpt2,1,1,0.006724638097426627,0.008642308852251812,0.00768347347483922,0.5834069608931981,0.47086891737320213,0.11253804351999597
gpt2,1,2,0.01636998793658062,0.01572193818933787,0.016045963062959245,0.8470859514912744,0.6013946422994235,0.2456913091918509
gpt2,1,3,0.05285824046415488,0.048936282887177995,0.05089726167566644,0.8714367086478674,0.8121131741688313,0.059323534479036044
gpt2,1,4,0.017864002900965126,0.014363008386948373,0.01611350564395675,0.6915894541410071,0.5843655978646091,0.10722385627639808
gpt2,1,5,0.013802921070771745,0.01092304902918162,0.012362985049976682,0.650073562447313,0.3028236262344337,0.34724993621287925
gpt2,1,6,0.0019517786362595047,-0.0020594877355240016,-5.385454963224845e-05,0.5475191825854542,0.39307198354923484,0.15444719903621934
gpt2,1,7,-0.011900060317095118,-0.015316233915441124,-0.013608147116268121,0.43518184928648695,0.3883398357052891,0.04684201358119783
gpt2,1,8,-0.001249425551470118,0.0002863266888786242,-0.0004815494312957469,0.4002066204895313,0.46333508113799754,-0.06312846064846622
gpt2,1,9,0.0038972742417282547,0.005538042853860059,0.004717658547794157,0.3931146722003605,0.4931014465230285,-0.099986774322668
gpt2,1,10,-0.0006422155043654953,0.0028596765854778106,0.0011087305405561576,0.843648941228714,0.6927172084204372,0.15093173280827687
gpt2,1,11,0.016891928280101,0.015854779411764497,0.016373353845932748,0.9764980957021608,0.3479998619160587,0.6284982337861021
gpt2,2,0,0.017681795008042123,0.01946168787339131,0.018571741440716716,0.6300667852594737,0.5687301051597494,0.06133668009972426
gpt2,2,1,0.0030333575080421227,0.0004788567038143121,0.0017561071059282174,0.38052287216306563,0.31908103692068623,0.061441835242379395
gpt2,2,2,0.004306568818933876,0.006371890797334245,0.0053392298081340606,0.39457369803838477,0.3090357773295438,0.08553792070884098
gpt2,2,3,0.011615528779871376,0.006682452033547559,0.009148990406709467,0.609556292053586,0.5223340410936063,0.08722225095997971
gpt2,2,4,-0.0023969762465529953,-0.00142669677734375,-0.0019118365119483727,0.4771453637495276,0.44220159190978175,0.03494377183974584
gpt2,2,5,0.008784574620864127,0.010185690487132248,0.009485132553998188,0.5514624284816605,0.4564943113602888,0.09496811712137171
gpt2,2,6,-0.010691025677848742,-0.011449926039751812,-0.011070475858800277,0.6571801784602405,0.5847958682990044,0.07238431016123603
gpt2,2,7,0.007979000315947005,0.007594837861902626,0.007786919088924815,0.7246438922045533,0.4518058831063406,0.27283800909821265
gpt2,2,8,0.0009114882525276258,0.0006911333869483727,0.0008013108197379992,0.5667051708399359,0.5173400249981877,0.049365145841748226
gpt2,2,9,0.047572865205652626,0.04169015323414538,0.044631509219899,0.580166726219057,0.48625634859512074,0.09391037762393623
gpt2,2,10,0.014722038717830621,0.014548357795266309,0.014635198256548465,0.7887690008570002,0.5878562952103453,0.20091270564665487
gpt2,2,11,0.02413671156939312,0.017441693474264497,0.02078920252182881,0.8679134669604108,0.7376691272003635,0.13024433976004735
gpt2,3,0,0.0026967665728401258,0.0017650828642001848,0.0022309247185201553,0.6360702219650889,0.37027641663788097,0.2657938053272079
gpt2,3,1,0.006878123563878624,0.0009577134076286242,0.003917918485753624,0.46424132481966834,0.3871337212639837,0.07710760355568463
gpt2,3,2,0.00943756103515625,0.004716760971966938,0.007077161003561594,0.5012144155192038,0.39105588757759285,0.1101585279416109
gpt2,3,3,0.007639716653263129,0.004458259133731435,0.006048987893497282,0.38795461626506017,0.28483827997302896,0.10311633629203121
gpt2,3,4,0.0075077730066634984,0.0037725112017463758,0.005640142104204937,0.4938067691648886,0.3959041266426164,0.09790264252227215
gpt2,3,5,0.0008464140050552516,0.0008123061236213758,0.0008293600643383137,0.3741908239039463,0.25392492294710384,0.12026590095684248
gpt2,3,6,0.007782879997701997,0.00545501708984375,0.0066189485437728734,0.5604285947259534,0.40373106142431636,0.15669753330163705
gpt2,3,7,0.006901460535385873,2.5132123161686337e-05,0.0034632963292737795,0.5092635545631699,0.4071528679144863,0.10211068664868356
gpt2,3,8,0.006343168370864127,0.005388596478630436,0.005865882424747282,0.4895623473980426,0.41303068215764893,0.07653166524039368
gpt2,3,9,0.0015240837545960062,0.00021855971392437112,0.0008713217342601887,0.43308494801223857,0.3227383704693138,0.11034657754292476
gpt2,3,10,0.007368199965533506,0.0036966660443473742,0.00553243300494044,0.7634655644000946,0.21666902417953865,0.5467965402205559
gpt2,3,11,-0.009273753446691124,-0.007029365090763129,-0.008151559268727127,0.5361995209309766,0.44705285807197015,0.08914666285900641
gpt2,4,0,0.0016959695255058804,-0.00035992790670968944,0.0006680208093980955,0.31928412125281747,0.23459490165402072,0.08468921959879674
gpt2,4,1,0.0024602553423713758,0.00038191851447599845,0.0014210869284236871,0.4104110875693737,0.28104551648971626,0.12936557107965746
gpt2,4,2,0.00173187255859375,0.0021169325884651258,0.0019244025735294379,0.29890402888888196,0.2499876325323769,0.04891639635650505
gpt2,4,3,0.005617029526654882,0.002797295065486871,0.0042071622960708766,0.46357595444858896,0.2976152147374478,0.16596073971114117
gpt2,4,4,0.0032438390395217453,0.0014338773839610575,0.0023388582117414014,0.49307175154803967,0.15382216563898657,0.3392495859090531
gpt2,4,5,-0.0005367503446693789,0.00010591394761005901,-0.00021541819852965993,0.3552599805863775,0.22366357885145677,0.1315964017349207
gpt2,4,6,0.00626597684972463,0.002604316262637685,0.004435146556181158,0.36571424593913093,0.18620203766649474,0.1795122082726362
gpt2,4,7,0.006161409265854623,0.0017673268037681211,0.003964368034811372,0.9368861680439509,0.3158968671172995,0.6209893009266514
gpt2,4,8,-0.00021990607766575465,-0.0010479197782631289,-0.0006339129279644418,0.44063424263916817,0.22191324107424237,0.2187210015649258
gpt2,4,9,0.0035669663373161242,0.0017547607421875,0.002660863539751812,0.3656993344709053,0.20671642928963738,0.15898290518126793
gpt2,4,10,0.001494463752298003,-0.003186394186581065,-0.0008459652171415311,0.3254832162301055,0.20760283973170182,0.11788037649840369
gpt2,4,11,0.010203642003676627,0.008658914005054807,0.009431278004365717,0.4449648204541277,0.23318779133009404,0.21177702912403368
gpt2,5,0,-0.0012251910041358727,-0.0014127843520221894,-0.001318987678079031,0.36714178354146926,0.3200907290241195,0.047051054517349755
gpt2,5,1,-0.0014585607192092453,-0.0010676664464615016,-0.0012631135828353734,-0.2519233032432152,-0.22762051846115128,-0.024302784782063935
gpt2,5,2,0.0009496352251838758,0.0015011955710018121,0.001225415398092844,0.39594656170743625,0.2391732772702435,0.15677328443719274
gpt2,5,3,0.0011116476619950078,-0.004063774557674815,-0.0014760634478399037,0.40014418377455074,0.2702844544540074,0.12985972932054335
gpt2,5,4,0.00052642822265625,-2.5580911075628876e-05,0.00025042365579031056,0.2727557659989214,0.12356399779428288,0.14919176820463848
gpt2,5,5,0.005959903492646745,0.002835442038143121,0.004397672765394933,0.4183372258414559,0.41054055181688026,0.007796674024575623
gpt2,5,6,0.006681105669807508,0.0051866419175090606,0.005933873793658284,0.34929918327964393,0.2807994119763464,0.06849977130329754
gpt2,5,7,0.003115485696231879,-0.0003549912396598742,0.0013802472282860023,0.35480228403425057,0.24413380550418104,0.11066847853006953
gpt2,5,8,0.0028116562787223742,2.8722426470562112e-05,0.0014201893525964682,0.08705973244746257,0.005598942469990722,0.08146078997747185
gpt2,5,9,0.004641364602481879,0.006750219008501812,0.0056957918054918455,0.38484171259771005,0.3512659649741716,0.03357574762353843
gpt2,5,10,0.008007722742417123,0.007349799661075185,0.007678761201746154,0.5410775784483335,0.3131684123854529,0.22790916606288059
gpt2,5,11,0.0033753338982078773,0.0050129609949447484,0.004194147446576313,0.6701937744235037,0.2775087423315868,0.3926850320919169
gpt2,6,0,0.004452873678768121,0.0007131239947151258,0.0025829988367416234,0.4747571565603721,0.23946346308537492,0.23529369347499718
gpt2,6,1,-0.00039627972771150155,-0.001038495232077441,-0.0007173874798944713,0.3214541972709201,0.14653925140789248,0.17491494586302764
gpt2,6,2,0.004381067612592382,0.000617083381203809,0.0024990754968980955,0.29287755351318834,0.28358642394820444,0.009291129564983902
gpt2,6,3,0.0016896864947151258,-0.001372393439798003,0.00015864652745856134,0.38062644157696135,0.2541362924214532,0.12649014915550816
gpt2,6,4,0.0001611148609832469,-0.0017430922564338758,-0.0007909886977253144,0.4655613274300922,0.3270018539590283,0.1385594734710639
gpt2,6,5,0.0037271836224723742,0.0011408188763786242,0.0024340012494254992,0.5744559179308841,0.18615069174528892,0.3883052261855952
gpt2,6,6,0.014227923224954253,0.008290459127986871,0.011259191176470562,0.7050205710216045,0.32085252393613845,0.3841680470854661
gpt2,6,7,0.0013688031364891273,0.00011668485753668634,0.0007427439970129068,0.4640041523050781,0.2473740630917197,0.21663008921335838
gpt2,6,8,0.0007642858168654953,0.0009487376493564348,0.0008565117331109651,0.49157811815904795,0.25059034078453474,0.2409877773745132
gpt2,6,9,0.005627351648667123,0.0031074075137866863,0.0043673795812269045,0.2148041197329834,0.18836448453096843,0.026439635202014977
gpt2,6,10,-0.0022425932042740016,-0.0036580702837776258,-0.0029503317440258137,0.4013314123077675,0.2461623738532047,0.15516903845456279
gpt2,6,11,0.0023570341222427516,0.0022695204790901258,0.0023132773006664387,0.37496926351051274,0.18373383077264258,0.19123543273787016
gpt2,7,0,0.0006695915670960062,-0.0003119075999542531,0.00017884198357087655,0.43117889107964785,0.22230285261947155,0.2088760384601763
gpt2,7,1,-0.002550910500919379,-0.0004474415498623152,-0.001499176025390847,0.49133948568351615,0.3132458738489619,0.17809361183455424
gpt2,7,2,-0.0003729427562042531,0.004336188821231435,0.001981623032513591,0.2562232508076973,0.22896646040045543,0.027256790407241882
gpt2,7,3,0.0033762314740348742,-0.00015887092141575465,0.0016086802763095598,0.4868135405901542,0.19953866428703035,0.28727487630312387
gpt2,7,4,0.00017412971047825465,0.0009119370404411242,0.0005430333754596894,0.44384561214069235,0.26550724168314127,0.17833837045755108
gpt2,7,5,0.00013014849494474845,0.001219805549172559,0.0006749770220586537,0.4935945508295577,0.31924612397397945,0.17434842685557828
gpt2,7,6,0.006883509018842382,0.0056309419519759984,0.00625722548540919,0.4672274137957602,0.38525569360723466,0.08197172018852555
gpt2,7,7,0.00030562456916349845,0.00041961669921875,0.0003626206341911242,0.4004758931738613,0.2652582217312643,0.135217671442597
gpt2,7,8,0.0002831851734832469,0.0014513801125919379,0.0008672826430375924,0.5045981525854987,0.24504328303546305,0.2595548695500356
gpt2,7,9,-0.0012108297909003696,-0.0030495138729320637,-0.0021301718319162166,0.31369879371799775,0.16976490994405471,0.14393388377394303
gpt2,7,10,0.001664105583639497,-0.0002611945657169379,0.0007014555089612795,0.37747322504048286,0.35325877150530804,0.024214453535174818
gpt2,7,11,0.006024977740120008,0.002265032599953809,0.004145005170036908,0.20660871217450746,0.16729641905458734,0.03931229311992013
gpt2,8,0,-3.5454245174371124e-05,-0.0024925680721508137,-0.0012640111586625924,0.43250304020638036,0.2931282944392346,0.13937474576714576
gpt2,8,1,0.0012700697954963758,0.0009855382582717453,0.0011278040268840606,0.30689580376986547,0.2395951555122973,0.06730064825756818
gpt2,8,2,0.01177439970128713,0.008112290326286686,0.009943345013786908,0.3496884736599442,0.2966961688855137,0.05299230477443051
gpt2,8,3,0.0009420058306526258,0.0038712445427386832,0.0024066251866956545,0.4055173638130511,0.3357535201714002,0.06976384364165089
gpt2,8,4,0.0008594288545493711,0.0007135727826286242,0.0007865008185889977,0.44518132981467734,0.25410406932709567,0.19107726048758167
gpt2,8,5,0.0037769990808822484,0.0032963472254134984,0.0035366731531478734,0.5742305149935873,0.3335992730705236,0.24063124192306373
gpt2,8,6,0.0019612031824447484,9.110394646105746e-05,0.001026153564452903,0.46592511361395467,0.28719597718293577,0.1787291364310189
gpt2,8,7,0.003744237563189756,0.001786175896139497,0.0027652067296646266,0.5449132575334007,0.24238473080706277,0.3025285267263379
gpt2,8,8,0.0008491067325371304,0.0030418844784003696,0.00194549560546875,0.5355714338860814,0.37060283608198336,0.16496859780409806
gpt2,8,9,0.0004559685202210062,0.0010129143210018121,0.0007344414206114092,0.516901612486342,0.31189183516812924,0.2050097773182128
gpt2,8,10,0.003089007209329253,0.0008441700654868711,0.001966588637408062,0.6475166175147452,0.33794235374658316,0.30957426376816205
gpt2,8,11,0.0005219403435203773,-0.00027241426355706366,0.00012476303998165683,0.321649373188515,0.24118856279594905,0.08046081039256595
gpt2,9,0,0.0016075583065262578,0.0029341753791358727,0.002270866842831065,0.4556101526517329,0.2767653514829797,0.17884480116875318
gpt2,9,1,0.0004932179170493711,0.0013423246495860575,0.0009177712833177143,0.36275742730760263,0.34245095607183,0.020306471235772616
gpt2,9,2,0.0025841208065262578,0.0003949333639705621,0.00148952708524841,0.4665538978567336,0.3413639414303622,0.12518995642637143
gpt2,9,3,-0.0005237354951743711,0.0018629186293654953,0.0006695915670955621,0.7056108618339214,0.41214985007846894,0.29346101175545247
gpt2,9,4,-0.00048289579503624225,-0.0018485574161308804,-0.0011657266055835613,0.3106207994212575,0.26758705845678404,0.04303374096447343
gpt2,9,5,0.009947384105009505,0.015026316923253624,0.012486850514131564,0.6178607798305942,0.357564647777325,0.2602961320532692
gpt2,9,6,-0.0007499246036299922,-0.0006579230813419379,-0.0007039238424859651,0.21151048875565087,0.17707783154592338,0.03443265720972749
gpt2,9,7,0.0020612828871779953,0.00432586669921875,0.0031935747931983727,0.40861646865605095,0.32591035131795065,0.0827061173381003
gpt2,9,8,0.0052104276769302516,0.002135332892922559,0.0036728802849264053,0.34906522182176714,0.3116974151896193,0.03736780663214784
gpt2,9,9,-0.0018534940831802516,0.0006363812614886832,-0.0006085564108457842,0.3246112151929845,0.29346571212833616,0.03114550306464836
gpt2,9,10,-0.0006072100471046227,0.0015604355755973742,0.0004766127642463758,0.5045636931577675,0.20489190797894583,0.29967178517882165
gpt2,9,11,0.0008585312787223742,0.002211626838235059,0.0015350790584787166,0.36850340685975963,0.3668702934796115,0.0016331133801481545
gpt2,10,0,0.0036894854377296227,6.911333869474845e-05,0.0018792993882121856,0.3628983719793285,0.29464291088183336,0.06825546109749514
gpt2,10,1,0.003319684196920747,-0.0006229176240810652,0.0013483832864198408,0.4747525883072633,0.47261585731268285,0.002136730994580449
gpt2,10,2,0.002917121438419379,0.0014163746553306211,0.002166748046875,0.3518170804675065,0.34196319130578323,0.00985388916172325
gpt2,10,3,-9.873334098742248e-06,-1.6605152803439438e-05,-1.3239243451090843e-05,0.4587167338570252,0.44160027186835044,0.01711646198867478
gpt2,10,4,0.0021932265337776258,0.0016416661879592453,0.0019174463608684356,0.49842673663854786,0.41170201036477333,0.08672472627377453
gpt2,10,5,0.009502635282628624,0.0068422205307903106,0.008172427906709467,0.5405400202761993,0.3162320924015211,0.22430792787467818
gpt2,10,6,0.0026707368738509984,0.0005174524643840606,0.0015940946691175295,0.40423432527333436,0.3903814603520325,0.013852864921301833
gpt2,10,7,5.879121668250775e-05,0.0012220494887404953,0.0006404203527115016,0.4220697160153661,0.32509177297503095,0.09697794304033514
gpt2,10,8,0.004973467658548003,0.007587208467371376,0.0062803380629596894,0.3182235188933877,0.2673015771885654,0.05092194170482228
gpt2,10,9,0.003588508157169379,0.002379473517922559,0.002983990837545969,0.6209213706190239,0.30806271565825477,0.3128586549607691
gpt2,10,10,0.0008212818818931211,-0.0002782485064338758,0.0002715166877296227,0.3065876486502194,0.3266549479973766,-0.020067299347157175
gpt2,10,11,0.0006458058076743711,0.002111547133501812,0.0013786764705880916,0.5862054173697769,0.3581388639401444,0.22806655342963256
gpt2,11,0,0.02590673110064312,0.028690113740808876,0.027298422420726,0.7039717607417783,0.645948215859863,0.0580235448819153
gpt2,11,1,0.001031763413373632,0.0023332483628215606,0.0016825058880975963,0.5069531959873685,0.4346082015160896,0.07234499447127896
gpt2,11,2,0.0018584307502296227,-0.0011722340303310652,0.00034309835994927873,0.4434782813985708,0.426930175837095,0.01654810556147579
gpt2,11,3,0.009611241957721006,0.012615428251378624,0.011113335104549815,0.7377891766302666,0.5556053220609823,0.1821838545692842
gpt2,11,4,0.00467143339269338,0.0005901561063876848,0.0026307947495405326,0.4399496954062857,0.422356193539111,0.017593501867174677
gpt2,11,5,-0.00015303667853849845,-0.0035894057329963758,-0.0018712212057674371,0.45959038065370805,0.4081769841271573,0.05141339652655075
gpt2,11,6,0.0011412676642921227,0.005175871007582433,0.003158569335937278,0.42303824728328304,0.3986792123205581,0.024359034962724957
gpt2,11,7,-0.0005668191348799922,-0.0010999791762409394,-0.0008333991555604658,0.48074435766671497,0.40472275430446514,0.07602160336224983
gpt2,11,8,0.027693804572610503,0.026706919950597374,0.02720036226160394,0.7747769285967533,0.5921290808613883,0.18264784773536502
gpt2,11,9,-0.001638524672563868,-0.0015025419347427516,-0.0015705333036533098,0.39620399537045614,0.38448841397725697,0.01171558139319917
gpt2,11,10,-0.0027883193072151258,0.004283231847426183,0.0007474562701055287,0.4299356611431051,0.23889923190710127,0.19103642923600384
gpt2,11,11,0.00045731488396150155,-0.003996007582720562,-0.0017693463493795303,0.5109340331897991,0.3368683772782744,0.17406565591152473
EleutherAI/pythia-160m,0,0,0.013615327722885873,-0.0136871337890625,-3.590303308831366e-05,0.36802303925359375,0.08056867361972225,0.2874543656338715
EleutherAI/pythia-160m,0,1,0.030216441434972374,0.0009321324965529953,0.015574286965762685,0.43549836844680684,0.178248568829852,0.2572497996169548
EleutherAI/pythia-160m,0,2,0.02401015337775725,0.0220341401941635,0.023022146785960373,0.3656355614742637,0.17215825766932707,0.1934773038049366
EleutherAI/pythia-160m,0,3,0.02422332763671875,0.004444346708409874,0.014333837172564312,0.48239893858588506,0.13819049130925495,0.34420844727663014
EleutherAI/pythia-160m,0,4,-0.010514652027803884,-0.03959341610179301,-0.025054034064798447,0.4090357676809828,0.15975718593413624,0.24927858174684658
EleutherAI/pythia-160m,0,5,-0.03051443660960551,-0.00635528564453125,-0.01843486112706838,0.3842950962952089,0.19764689606102756,0.18664820023418136
EleutherAI/pythia-160m,0,6,-0.0033623190487137578,-0.00011803122127762578,-0.0017401751349956918,0.45830832816234507,0.24744288362263442,0.21086544453971065
EleutherAI/pythia-160m,0,7,0.031076319077435244,0.007328257841222374,0.01920228845932881,0.6711646766465766,0.10026954993648379,0.5708951267100928
EleutherAI/pythia-160m,0,8,0.033453997443703365,0.021359163172104623,0.027406580307903994,0.4666098127530134,0.09948067014682994,0.36712914260618346
EleutherAI/pythia-160m,0,9,0.02084844252642437,0.02097634708180074,0.020912394804112555,0.45841833642301777,0.13239868238100339,0.3260196540420144
EleutherAI/pythia-160m,0,10,-0.0041961669921875,-0.009452371036305252,-0.006824269014246376,0.4676513763396223,0.15535987111102734,0.31229150522859495
EleutherAI/pythia-160m,0,11,0.007593491498161242,0.00791437485638724,0.0077539331772742415,0.31064721320507427,0.17355456391514346,0.1370926492899308
EleutherAI/pythia-160m,1,0,0.030346141142003624,0.01054157930261912,0.020443860222311372,0.36436987616083044,0.09398509109253961,0.27038478506829083
EleutherAI/pythia-160m,1,1,0.03950949276194837,0.014660554773667123,0.027085023767807748,0.32000733676901033,0.10580270740610169,0.21420462936290863
EleutherAI/pythia-160m,1,2,0.07691820930032112,0.019247616038602366,0.04808291266946174,0.4019661168016378,0.11616489511391806,0.2858012216877197
EleutherAI/pythia-160m,1,3,0.0017547607421875,-0.007689532111673003,-0.0029673856847427516,0.5292147157470495,0.1781201091138493,0.3510946066332002
EleutherAI/pythia-160m,1,4,-0.044119442210478255,-0.03414064295151675,-0.039130042580997504,0.30962633643933285,0.24390002176022177,0.06572631467911108
EleutherAI/pythia-160m,1,5,0.021933162913602366,-0.0016757740693940093,0.010128694422104179,0.3597552134340364,0.21494566963446549,0.1448095437995709
EleutherAI/pythia-160m,1,6,0.010939205394071116,0.005243189194622744,0.00809119729434693,0.6612221990657323,0.21028437109609682,0.4509378279696355
EleutherAI/pythia-160m,1,7,0.02246587416704937,0.009622910443473742,0.016044392305261557,0.5392178740391855,0.12274766294645482,0.4164702110927307
EleutherAI/pythia-160m,1,8,0.03318113439223325,0.019800522748161242,0.026490828570197245,0.3780622592530128,0.2144191894969498,0.163643069756063
EleutherAI/pythia-160m,1,9,0.014092838062959245,0.006388047162223742,0.010240442612591494,0.39105868463582344,0.17238936424405105,0.2186693203917724
EleutherAI/pythia-160m,1,10,0.061347063849953365,0.010046117446001368,0.035696590647977366,0.5195782906540385,0.1817302646255511,0.3378480260284874
EleutherAI/pythia-160m,1,11,0.05150424732881387,0.0217742919921875,0.036639269660500684,0.4415442113068714,0.16295569713911984,0.27858851416775154
EleutherAI/pythia-160m,2,0,0.04138991411994475,-0.01399679744944926,0.013696558335247744,0.40031249162877114,0.1374049460287732,0.26290754559999796
EleutherAI/pythia-160m,2,1,0.018251306870403994,0.0039583093979773665,0.01110480813419068,0.3802838672580168,0.10416652078802169,0.2761173464699951
EleutherAI/pythia-160m,2,2,0.002022687126608247,0.00434651094324412,0.0031845990349261832,0.42815004466670814,0.16234692394640274,0.26580312072030543
EleutherAI/pythia-160m,2,3,0.00945551255169974,0.00455474853515625,0.007005130543427995,0.44701528994598677,0.1892875933971342,0.2577276965488526
EleutherAI/pythia-160m,2,4,0.018382801729090126,0.01558460908777537,0.016983705408432748,0.5787181565281952,0.20074501073022374,0.3779731457979715
EleutherAI/pythia-160m,2,5,0.012961443732765865,-0.009055193732766753,0.001953124999999556,0.3475554379222371,0.13895906472529915,0.20859637319693794
EleutherAI/pythia-160m,2,6,0.039483911850872744,0.007565666647518121,0.023524789249195432,0.4121524174146997,0.132907881158871,0.2792445362558287
EleutherAI/pythia-160m,2,7,0.010670381433823373,0.02644078871783062,0.018555585075826997,0.4115330362554998,0.3559292858386898,0.05560375041680998
EleutherAI/pythia-160m,2,8,0.05196829403147962,0.019420399385339238,0.03569434670840943,0.4771198523154279,0.1705059795573451,0.30661387275808283
EleutherAI/pythia-160m,2,9,0.013319576487821116,0.009711770450366863,0.01151567346909399,0.3607411844479122,0.10570871239093173,0.2550324720569805
EleutherAI/pythia-160m,2,10,0.051390255198758616,0.027701433967140865,0.03954584458294974,0.4351072502130665,0.211566663179688,0.2235405870333785
EleutherAI/pythia-160m,2,11,0.023878209731157618,0.025305355296414866,0.024591782513786242,0.48850355293328945,0.10421902304960072,0.3842845298836887
EleutherAI/pythia-160m,3,0,0.019598119399126368,0.0073399263269759984,0.013469022863051183,0.4013914962216698,0.10377622365693545,0.29761527256473436
EleutherAI/pythia-160m,3,1,0.03155966366038587,0.005820779239429363,0.018690221449907618,0.2442500761418487,0.09938900777254848,0.14486106836930024
EleutherAI/pythia-160m,3,2,0.07466888427734375,0.05669941621668162,0.06568415024701268,0.26406446880913836,0.0958278911393097,0.16823657766982866
EleutherAI/pythia-160m,3,3,0.06435349408318025,0.06504193474264675,0.0646977144129135,0.8719757815654381,0.34567451207522026,0.5263012694902178
EleutherAI/pythia-160m,3,4,0.016696705537683876,0.007067512063418491,0.011882108800551183,0.34700948406181703,0.14903820613207042,0.19797127792974661
EleutherAI/pythia-160m,3,5,0.02760584214154349,0.01430511474609375,0.02095547844381862,0.33959965740246184,0.17134619504584614,0.1682534623566157
EleutherAI/pythia-160m,3,6,0.017892725327435244,-0.009884105009192012,0.004004310159121616,0.33373950729349766,0.25424277961631914,0.07949672767717852
EleutherAI/pythia-160m,3,7,0.026818668141084245,-0.0038950303021607624,0.011461818919461741,0.49027731816373077,0.2827595699284173,0.2075177482353135
EleutherAI/pythia-160m,3,8,0.032042110667508616,-0.011493907255285762,0.010274101706111427,0.3508420989518868,0.20127581541203304,0.14956628353985374
EleutherAI/pythia-160m,3,9,0.011284772087545747,0.00993885713465037,0.010611814611098058,0.38473565678952454,0.11013703383681941,0.2745986229527051
EleutherAI/pythia-160m,3,10,0.04911490047679212,0.007717356962316124,0.028416128719554123,0.39864016445138406,0.20987070988437959,0.18876945456700447
EleutherAI/pythia-160m,3,11,0.0055156034581802516,-0.013358172248391753,-0.003921284395105751,0.34557244288805683,0.2724257589020245,0.07314668398603236
EleutherAI/pythia-160m,4,0,0.022673662971047115,-0.004992316750919379,0.008840673110063868,0.333710601761419,0.18111425404496917,0.1525963477164498
EleutherAI/pythia-160m,4,1,0.0019495346966911242,-0.0018027810489433804,7.33768238738719e-05,0.30896201643499205,0.34361808968578217,-0.03465607325079012
EleutherAI/pythia-160m,4,2,0.023573931525734615,-0.011263679055606879,0.006155126235063868,0.35653957996301644,0.14352984054987877,0.21300973941313767
EleutherAI/pythia-160m,4,3,0.02515680649701224,0.009650286506203365,0.017403546501607803,0.38424588106471114,0.30577577917520254,0.07847010188950859
EleutherAI/pythia-160m,4,4,0.02477578555836324,0.016389285816865495,0.020582535687614367,0.27136171035661055,0.12255527900325384,0.1488064313533567
EleutherAI/pythia-160m,4,5,0.01944238999310599,0.007009618422563868,0.01322600420783493,0.32290630834210343,0.12481492929165604,0.19809137905044738
EleutherAI/pythia-160m,4,6,0.01523859360638724,-0.01363597196691213,0.0008013108197375551,0.411305758208477,0.4061322379471168,0.005173520261360198
EleutherAI/pythia-160m,4,7,0.027467166676240495,0.003789116354549371,0.015628141515394933,0.3718047281223328,0.19069207253869536,0.18111265558363743
EleutherAI/pythia-160m,4,8,0.01444782930261912,0.005815393784466494,0.010131611543542807,-0.010492887987746927,0.017265551848978208,-0.027758439836725136
EleutherAI/pythia-160m,4,9,0.011279835420496376,0.00024548698874049535,0.0057626612046184356,0.4250362201074087,0.22173437065765167,0.20330184944975704
EleutherAI/pythia-160m,4,10,0.009800181669347374,-0.012681848862592382,-0.0014408335966225039,0.31699962121787956,0.27093073741955925,0.046068883798320304
EleutherAI/pythia-160m,4,11,0.007898667279411242,-0.005257550407859135,0.0013205584357760536,0.21388597525645073,0.2240802641378691,-0.010194288881418379
EleutherAI/pythia-160m,5,0,0.018808252671185244,-0.002912633559283506,0.007947809555950869,0.04781332652196531,0.08249393116399642,-0.03468060464203111
EleutherAI/pythia-160m,5,1,0.017155366785385873,0.019118813907398113,0.018137090346391993,0.5356257047089878,0.23525052962954512,0.3003751750794427
EleutherAI/pythia-160m,5,2,0.0067973417394302516,0.013382855583639497,0.010090098661534874,0.24209493968815843,0.23066676979944029,0.011428169888718143
EleutherAI/pythia-160m,5,3,-0.002557642319623632,-0.012466879451976887,-0.007512260885800259,0.39079807742839323,0.2607336744061892,0.130064403022204
EleutherAI/pythia-160m,5,4,0.01917580997242574,0.006927041446460613,0.013051425709443176,0.32939897545804714,0.27438282438265726,0.055016151075389874
EleutherAI/pythia-160m,5,5,0.018081216251149,0.023398904239429363,0.020740060245289182,0.5479629984363721,0.3041764480450996,0.2437865503912725
EleutherAI/pythia-160m,5,6,-0.017584856818704253,0.0080718994140625,-0.0047564787023208766,0.3262559988106421,0.2840062579112972,0.04224974089934491
EleutherAI/pythia-160m,5,7,0.016842112821691124,-0.006780736586627256,0.005030688117531934,0.15695680241734486,0.1219859900059315,0.034970812411413366
EleutherAI/pythia-160m,5,8,0.014806859633501368,0.015103059656479623,0.014954959644990495,0.4230361339682291,0.18003217888892684,0.24300395507930225
EleutherAI/pythia-160m,5,9,0.0061039644129134984,-0.0016376270967377593,0.0022331686580878696,0.16114936458689566,0.08637063222870388,0.07477873235819178
EleutherAI/pythia-160m,5,10,0.010959849638097374,0.0009590597713691196,0.005959454704733247,0.1969286365003591,0.15501521025393028,0.041913426246428825
EleutherAI/pythia-160m,5,11,0.0023731904871322484,-0.0025553983800552516,-9.110394646150155e-05,0.43935734708059887,0.28876567549198906,0.1505916715886098
EleutherAI/pythia-160m,6,0,0.0340118408203125,0.015823813045726,0.02491782693301925,0.5571984545900196,0.49715474806632176,0.06004370652369784
EleutherAI/pythia-160m,6,1,0.021284215590532618,0.0085296630859375,0.014906939338235059,0.2837507097405719,0.24606639404942515,0.037684315691146775
EleutherAI/pythia-160m,6,2,0.0018965777228858727,-0.005910088034237759,-0.0020067551556759433,0.4764633475836771,0.4061009301059015,0.07036241747777561
EleutherAI/pythia-160m,6,3,0.0024306353400733727,0.020310794605927995,0.011370714973000684,0.5419029794023165,0.48783371240155515,0.05406926700076131
EleutherAI/pythia-160m,6,4,0.04374201157513724,-0.015050551470588758,0.014345730052274241,0.3426710031874445,0.24522144772448543,0.09744955546295905
EleutherAI/pythia-160m,6,5,0.0055694580078125,0.008828555836396745,0.007199006922104623,0.49656109308544116,0.22760824370745603,0.26895284937798514
EleutherAI/pythia-160m,6,6,0.014964832979090126,0.0015299179974723742,0.00824737548828125,0.10277525096223433,0.11738404517798946,-0.01460879421575513
EleutherAI/pythia-160m,6,7,-0.021334928624770377,-0.021010454963235503,-0.02117269179400294,0.5997332991797748,0.45120062045229675,0.14853267872747805
EleutherAI/pythia-160m,6,8,0.019089193905101,0.008198457605698373,0.013643825755399686,0.40635426502165034,0.24917246947755156,0.15718179554409878
EleutherAI/pythia-160m,6,9,0.004038642434512241,-0.0032276826746331366,0.00040547987993955203,0.3250964509275638,0.2987329685283465,0.026363482399217264
EleutherAI/pythia-160m,6,10,0.002787870519300739,0.012725830078125,0.00775685029871287,0.3676510982285041,0.20429342051245858,0.16335767771604554
EleutherAI/pythia-160m,6,11,0.007762684541590126,-0.00407634061925588,0.0018431719611671227,0.38740829918828346,0.26236701805282403,0.12504128113545943
EleutherAI/pythia-160m,7,0,0.005738202263326997,-0.009098277372473262,-0.0016800375545731328,0.3825233096713151,0.3627667756581345,0.019756534013180616
EleutherAI/pythia-160m,7,1,-0.013109992532169379,-0.0007369097541367609,-0.00692345114315307,0.3762108431909612,0.23321948651466706,0.14299135667629415
EleutherAI/pythia-160m,7,2,0.0025199441348799922,-0.015046063591452885,-0.006263059728286446,0.4428179697382441,0.36516848542512836,0.07764948431311575
EleutherAI/pythia-160m,7,3,0.010773153866038498,0.01437916475183787,0.012576159308938184,0.3028813277435315,0.26247551803020447,0.04040580971332702
EleutherAI/pythia-160m,7,4,0.007253759047563868,0.01085438447840037,0.009054071762982119,0.613979817237877,0.4836508175265459,0.1303289997113311
EleutherAI/pythia-160m,7,5,0.010401108685661242,0.006999296300550739,0.00870020249310599,0.42947390856816564,0.38398952062031055,0.04548438794785509
EleutherAI/pythia-160m,7,6,0.0025441786822151258,-0.00813787123736276,-0.0027968462775738168,0.16512467655607188,0.10895024057458383,0.05617443598148805
EleutherAI/pythia-160m,7,7,0.02846841251148824,0.010712567497701997,0.019590490004595118,0.5825886830140469,0.3772661375109963,0.20532254550305057
EleutherAI/pythia-160m,7,8,0.03194247975068887,0.02999653535730662,0.030969507553997744,0.44862692628832107,0.33040697566429555,0.11821995062402552
EleutherAI/pythia-160m,7,9,0.007868149701286242,-0.011710223029641753,-0.0019210366641777554,0.29811840247740934,0.3031777297437826,-0.005059327266373259
EleutherAI/pythia-160m,7,10,-0.01413726806640625,-0.014468024758731879,-0.014302646412569064,0.28219111030082544,0.09284550835699727,0.18934560194382816
EleutherAI/pythia-160m,7,11,-0.002176172593061132,-0.01635428035960551,-0.009265226476333321,0.25057295348494213,0.2806915732308025,-0.030118619745860387
EleutherAI/pythia-160m,8,0,0.015748416676240495,-0.0026662489947151258,0.006541083840762685,0.32907744449390464,0.25632304680377455,0.07275439769013009
EleutherAI/pythia-160m,8,1,0.01664240220013724,-0.003640118767234135,0.006501141716451553,0.43192083735873155,0.3962816773098589,0.03563916004887263
EleutherAI/pythia-160m,8,2,0.005422704360063868,-0.003970426671645377,0.0007261388442092453,0.21747588923921016,0.21286072229375871,0.004615166945451443
EleutherAI/pythia-160m,8,3,0.00811767578125,-0.009390438304228255,-0.0006363812614891273,0.25534608725560887,0.25920338495670864,-0.003857297701099771
EleutherAI/pythia-160m,8,4,0.01523590087890625,0.015397015739889497,0.015316458309397873,0.5653315005643482,0.4600759374758908,0.1052555630884574
EleutherAI/pythia-160m,8,5,0.005603565889246376,0.005677615894990495,0.0056405908921184356,0.42362009641863013,0.38111119705699514,0.04250889936163499
EleutherAI/pythia-160m,8,6,0.0047917085535384984,-0.007862315458410762,-0.001535303452436132,0.375340260851689,0.3679769099727286,0.007363350878960395
EleutherAI/pythia-160m,8,7,-0.0011201746323532547,-0.0014186185948990016,-0.001269396613626128,0.7771847654041605,0.2989513993274495,0.47823336607671096
EleutherAI/pythia-160m,8,8,0.006927490234375,0.004364013671875,0.005645751953125,0.19775885325111464,0.2045786280086368,-0.006819774757522157
EleutherAI/pythia-160m,8,9,0.007584964527802995,0.0012844310087309907,0.004434697768266993,0.2586838362217032,0.24975740869161717,0.008926427530086045
EleutherAI/pythia-160m,8,10,0.009354086483225998,0.001463048598345118,0.005408567540785558,0.2218824557341911,0.22926892289403955,-0.007386467159848448
EleutherAI/pythia-160m,8,11,0.020376317641313868,-0.009163800407859135,0.0056062586167273665,0.2958025377416663,0.2889877094144006,0.0068148283272657095
EleutherAI/pythia-160m,9,0,0.012945287367876368,0.002036150764015865,0.0074907190659461165,0.5244589023619777,0.4695465341717308,0.05491236819024686
EleutherAI/pythia-160m,9,1,0.007577335133271745,-0.00937876981847463,-0.0009007173426014425,0.5519804337005672,0.29648184499600705,0.2554985887045601
EleutherAI/pythia-160m,9,2,-0.002377229578355511,-0.014379164751838758,-0.008378197165097134,0.33041514982615433,0.2951520222689878,0.03526312755716654
EleutherAI/pythia-160m,9,3,0.009991814108455621,0.004268421846276738,0.007130117977366179,0.6766984744252594,0.5452639273651604,0.13143454706009905
EleutherAI/pythia-160m,9,4,0.0060716516831336165,-0.00870513916015625,-0.0013167437385113168,0.4436019446858047,0.4321925040197088,0.011409440666095894
EleutherAI/pythia-160m,9,5,-0.002637975356158506,-0.005405201631433876,-0.004021588493796191,0.2923326996535456,0.28054216273324994,0.011790536920295636
EleutherAI/pythia-160m,9,6,0.00081634521484375,-0.00934600830078125,-0.00426483154296875,0.35662993025919953,0.34481926916238176,0.011810661096817776
EleutherAI/pythia-160m,9,7,0.006692774155560244,0.0050950891831336165,0.00589393166934693,0.4639072414096006,0.41947710966145957,0.04443013174814103
EleutherAI/pythia-160m,9,8,-0.00946269315831838,0.014457253848804363,0.0024972803452429915,0.512335677772564,0.47252319340125,0.03981248437131396
EleutherAI/pythia-160m,9,9,0.00837213852826224,-0.0037415448357078773,0.0023152968462771817,0.3773009215075388,0.34133604751859453,0.03596487398894427
EleutherAI/pythia-160m,9,10,0.005560033461626368,-0.01128387451171875,-0.002861920525046191,0.31718656773321974,0.2704303794251442,0.04675618830807554
EleutherAI/pythia-160m,9,11,0.008838877958409874,-0.0028215296128220047,0.003008674172793935,0.3322616761881914,0.32841563039859606,0.0038460457895953537
EleutherAI/pythia-160m,10,0,0.004931281594668491,-0.0017731610466453773,0.0015790602740115567,0.35426787479980615,0.3475909554173409,0.0066769193824652295
EleutherAI/pythia-160m,10,1,0.004471722771139497,0.009804220760569748,0.007137971765854623,0.5733828150686255,0.45669639484207425,0.11668642022655129
EleutherAI/pythia-160m,10,2,0.009293948902802995,0.00299072265625,0.006142335779526498,0.3800353744532894,0.32236618026178915,0.05766919419150024
EleutherAI/pythia-160m,10,3,0.003888298483455621,0.004726185518151738,0.004307242000803679,0.3985719281171657,0.3719898506335018,0.02658207748366387
EleutherAI/pythia-160m,10,4,0.0017924589269302516,0.001654681037453365,0.0017235699821918082,0.4738269330293426,0.4689544307262649,0.004872502303077675
EleutherAI/pythia-160m,10,5,0.00577545166015625,0.0007490270278029953,0.0032622393439796227,0.766665363442906,0.6613816548777938,0.10528370856511227
EleutherAI/pythia-160m,10,6,0.013979294720817492,-0.006137623506433876,0.003920835607191808,0.4723938481385851,0.47766859739708006,-0.005274749258494971
EleutherAI/pythia-160m,10,7,0.0076594633214615016,-0.0009527767405792531,0.0033533432904411242,0.39490690249443905,0.3728769058121695,0.02202999668226957
EleutherAI/pythia-160m,10,8,0.011130389045265865,-0.0008693021886490016,0.005130543428308432,0.4300396546775674,0.4388984721291995,-0.00885881745163214
EleutherAI/pythia-160m,10,9,0.0036930757410384984,0.002041985006893121,0.00286753037396581,0.5193931937578187,0.3986575900714814,0.12073560368633729
EleutherAI/pythia-160m,10,10,-0.0014096428366272562,0.006356632008271745,0.0024734945858222446,0.4782946273966389,0.46787584626295264,0.010418781133686272
EleutherAI/pythia-160m,10,11,-0.0006435618681068789,0.005024629480698373,0.002190533806295747,0.46579659778900445,0.42720523650752834,0.03859136128147611
EleutherAI/pythia-160m,11,0,-0.00292205810546875,-0.00040211397058875775,-0.0016620860380287539,0.8482297238215859,0.8397438422989045,0.008485881522681371
EleutherAI/pythia-160m,11,1,-0.013464086196002256,-0.0020509607651657547,-0.007757523480584005,0.8542498417253441,0.8465366820832166,0.007713159642127487
EleutherAI/pythia-160m,11,2,-0.0003388348747703773,-0.00234222412109375,-0.0013405294979320637,0.7227216402833994,0.7078378395492431,0.014883800734156294
EleutherAI/pythia-160m,11,3,-0.0042491239659927516,-0.005776349235984135,-0.005012736600988443,0.6707910118087003,0.6571452358232764,0.013645775985423825
EleutherAI/pythia-160m,11,4,-0.0016892377068016273,0.0017960492302382391,5.340576171830591e-05,0.49960130868405084,0.4868727798503735,0.01272852883367731
EleutherAI/pythia-160m,11,5,-0.004793054917279882,-0.00871725643382426,-0.006755155675552071,0.8844169666342623,0.883893736279303,0.0005232303549592698
EleutherAI/pythia-160m,11,6,-0.006291108972886761,-0.003667943617877256,-0.0049795262953820085,0.8154614543360795,0.7873787833480438,0.02808267098803574
EleutherAI/pythia-160m,11,7,-0.0037321202895226335,-0.002363317153033506,-0.00304771872127807,0.6796757738783901,0.6447586491849506,0.03491712469343944
EleutherAI/pythia-160m,11,8,0.009319081025965126,-0.00016246122472463043,0.004578309900620248,0.7355998959737382,0.6675109180214349,0.06808897795230329
EleutherAI/pythia-160m,11,9,-0.010104459874770377,-0.0012871237362137578,-0.0056957918054920675,0.8253075993749971,0.8042236845101476,0.021083914864849507
EleutherAI/pythia-160m,11,10,0.0029646929572608727,0.005583819221047115,0.004274256089153994,0.7347424682760474,0.7191289261699079,0.015613542106139522
EleutherAI/pythia-160m,11,11,-0.006373685948989127,-0.0020909028894768866,-0.004232294419233007,0.8079951970790075,0.754375222575618,0.05361997450338951
EleutherAI/pythia-410m,0,0,-0.016701642204733247,-0.012886496151194748,-0.014794069177963998,0.513444359804767,0.10688586411960778,0.4065584956851592
EleutherAI/pythia-410m,0,1,0.00363922119140625,0.011963339412913943,0.007801280302160096,0.28253755887461596,0.20289308941193404,0.07964446946268192
EleutherAI/pythia-410m,0,2,-0.011879864860983247,-0.009687311509076313,-0.01078358818502978,0.3416115274464978,0.13461652697890467,0.20699500046759314
EleutherAI/pythia-410m,0,3,-0.0017058428596046227,-0.001399993896484375,-0.0015529183780444988,0.44361360266549354,0.16502122576634026,0.2785923768991533
EleutherAI/pythia-410m,0,4,-0.014148038976332433,-0.0098876953125,-0.012017867144416217,0.4028332977730665,0.16494780960756827,0.2378854881654982
EleutherAI/pythia-410m,0,5,-0.002951678107766309,-0.006223566391888813,-0.004587622249827561,0.6716477798736245,0.08181494908361069,0.5898328307900138
EleutherAI/pythia-410m,0,6,-0.007643755744485059,0.00019477395450406831,-0.0037244908949904953,0.46190219990261694,0.16199506523702337,0.2999071346655936
EleutherAI/pythia-410m,0,7,-9.963091681974845e-05,0.011293074663947689,0.00559672187356397,0.5095528351866827,0.13168262155301153,0.3778702136336712
EleutherAI/pythia-410m,0,8,-0.007989771225873188,-0.003949333639705621,-0.0059695524327894045,0.4727332590632296,0.18428675791910476,0.28844650114412484
EleutherAI/pythia-410m,0,9,-0.009637720444623188,-0.006979325238396061,-0.008308522841509625,0.49137694669627846,0.12551005671697602,0.36586688997930245
EleutherAI/pythia-410m,0,10,0.0025553983800552516,-0.0002526675953582469,0.0011513653923485023,0.4528570247200137,0.14362207086090445,0.30923495385910926
EleutherAI/pythia-410m,0,11,0.008373036104090126,0.009481542250689312,0.008927289177389719,0.5421480892847981,0.13226634103767765,0.4098817482471204
EleutherAI/pythia-410m,0,12,-0.003319684196920747,0.003719329833984375,0.00019982281853181405,0.37639547981934257,0.16651246855973312,0.20988301125960945
EleutherAI/pythia-410m,0,13,-0.005846808938418935,0.00916424919577219,0.0016587201286766273,0.2748150901652747,0.19794858926827363,0.07686650089700109
EleutherAI/pythia-410m,0,14,0.014723385081572005,0.007445167092716254,0.01108427608714413,0.4226807594945591,0.14419010864076523,0.2784906508537939
EleutherAI/pythia-410m,0,15,-0.004982892204733247,-0.004941828110638813,-0.00496236015768603,0.4565285168711931,0.12365173210058888,0.33287678477060423
EleutherAI/pythia-410m,1,0,0.0024871826171875,0.008878146900850314,0.005682664759018907,0.3201703701345044,0.1771872778423943,0.1429830922921101
EleutherAI/pythia-410m,1,1,-0.0005964391371779953,0.006180707146139941,0.002792134004480973,0.3040775617970515,0.14308601745910046,0.16099154433795101
EleutherAI/pythia-410m,1,2,0.0063404756433826925,0.0013158461626838758,0.003828160903033284,0.44534445897436953,0.2151885353142003,0.23015592366016924
EleutherAI/pythia-410m,1,3,-0.0012099322150733727,1.1668485754068314e-05,-0.0005991318646596522,0.4042895995748732,0.13043095132189014,0.27385864825298306
EleutherAI/pythia-410m,1,4,-1.9746668198372674e-05,0.0012958751005287539,0.0006380642161651906,0.6127232033982198,0.2174644657281578,0.39525873767006203
EleutherAI/pythia-410m,1,5,0.001410540412454253,0.0002834095674404402,0.0008469749899473467,0.4881782936048751,0.17256885949629433,0.3156094341085808
EleutherAI/pythia-410m,1,6,0.0032056920668659394,0.0010106703814338758,0.0021081812241499076,0.45027332988829083,0.11734560530040372,0.3329277245878871
EleutherAI/pythia-410m,1,7,-0.007823270909926183,-0.002996556899126812,-0.005409913904526498,0.36477544374002613,0.14876533736431438,0.21601010637571175
EleutherAI/pythia-410m,1,8,-0.0028462129480697484,-0.0029166726505054363,-0.0028814427992875924,0.4049452303245924,0.2835295888719312,0.1214156414526612
EleutherAI/pythia-410m,1,9,-0.007381663602941124,0.004927915685317252,-0.001226873958811936,0.2396329389172711,0.14471323531903166,0.09491970359823945
EleutherAI/pythia-410m,1,10,0.0050273222081802516,0.01009481093462794,0.007561066571404096,0.5237875881122172,0.09713189819287801,0.4266556899193391
EleutherAI/pythia-410m,1,11,0.0016973158892463758,0.002629448385799815,0.0021633821375230955,0.3725473927674251,0.11123656857970002,0.2613108241877251
EleutherAI/pythia-410m,1,12,0.0026114968692558804,0.005486432243796191,0.004048964556526036,0.42133606688187214,0.1451934928182995,0.2761425740635727
EleutherAI/pythia-410m,1,13,-0.0022551592658546227,0.011864606071921191,0.004804723403033284,0.42079850166175026,0.18516852742203865,0.2356299742397116
EleutherAI/pythia-410m,1,14,-0.005042132209328809,0.004392511704388813,-0.00032481025246999806,0.34877618519858716,0.12412960184578659,0.22464658335280058
EleutherAI/pythia-410m,1,15,0.002509173224954253,0.0005538042853863168,0.001531488755170285,0.6935258828624254,0.18106113896348988,0.5124647438989356
EleutherAI/pythia-410m,2,0,-0.0038268145392921227,-0.0018649381749766825,-0.0028458763571344026,0.33412542037744863,0.15834798834804745,0.1757774320294012
EleutherAI/pythia-410m,2,1,0.0021546307732078773,0.0015617819393383137,0.0018582063562730955,0.4550980051825873,0.17208355319744573,0.2830144519851416
EleutherAI/pythia-410m,2,2,0.0023265165441177516,0.00403078864602513,0.0031786525950714406,0.45688755409065607,0.1846643108568332,0.27222324323382285
EleutherAI/pythia-410m,2,3,0.004634632783777626,0.008813970229204937,0.0067243015064912814,0.31034101161004785,0.20056874603955024,0.1097722655704976
EleutherAI/pythia-410m,2,4,0.001313153435202441,0.007629170137293251,0.004471161786247846,0.5896960785170665,0.14430012749459767,0.4453959510224689
EleutherAI/pythia-410m,2,5,-0.0036499921013324332,0.007683473474839442,0.0020167406867535043,0.39062391892908765,0.16908903467817846,0.2215348842509092
EleutherAI/pythia-410m,2,6,0.0011610143324909394,0.004119873046875,0.0026404436896829697,0.33108409064176053,0.22508415030500006,0.10599994033676047
EleutherAI/pythia-410m,2,7,0.002997454474954253,0.004523108987247504,0.0037602817311008785,0.4640613274030911,0.18745520198571133,0.2766061254173797
EleutherAI/pythia-410m,2,8,-0.0043182373046875,-6.305470186118711e-05,-0.0021906460032743436,0.4013219314365064,0.20351593975572974,0.19780599168077667
EleutherAI/pythia-410m,2,9,-0.0062938017003673075,-0.0027299768784465606,-0.004511889289406934,0.47142507915991083,0.1712958070877536,0.3001292720721572
EleutherAI/pythia-410m,2,10,0.005102269789751812,-0.006787468405330621,-0.0008425993077894045,0.6193405092904494,0.16708648787772726,0.4522540214127221
EleutherAI/pythia-410m,2,11,-0.002638872931985059,0.0030968609978172523,0.00022899403291609666,0.27567684072606535,0.2096753984886559,0.06600144223740945
EleutherAI/pythia-410m,2,12,-0.002688239602481435,-0.0022883695714610575,-0.002488304586971246,0.3949058238313905,0.17443267488628908,0.22047314894510142
EleutherAI/pythia-410m,2,13,-0.01059588264016531,-0.002900965073529438,-0.006748423856847374,0.5599656008764768,0.15270811093048434,0.40725748994599253
EleutherAI/pythia-410m,2,14,0.0006754258099728183,0.0076136869542740016,0.00414455638212341,0.4367793013721486,0.16819418793796945,0.2685851134341791
EleutherAI/pythia-410m,2,15,-0.0077586454503673075,-0.000178393195656934,-0.003968519323012121,0.43027771434398854,0.1504112261032415,0.279866488240747
EleutherAI/pythia-410m,3,0,0.005856233484605067,0.002534978529986187,0.004195606007295627,0.4109834115049981,0.18427735263315856,0.22670605887183956
EleutherAI/pythia-410m,3,1,0.0010048361385570637,0.005481495576746376,0.0032431658576517197,0.4015949574653983,0.09280899550277291,0.3087859619626254
EleutherAI/pythia-410m,3,2,0.008855931899126812,0.005544550278607563,0.0072002410888671875,0.38353202139698667,0.15668512350295274,0.22684689789403392
EleutherAI/pythia-410m,3,3,0.003587610581341938,0.0003536448759193789,0.0019706277286306584,0.3935401710899794,0.13767048373513713,0.2558696873548423
EleutherAI/pythia-410m,3,4,-0.0008886000689334317,0.00882204841165013,0.003966724171358349,0.47742155061746544,0.14238933804304482,0.3350322125744206
EleutherAI/pythia-410m,3,5,0.006426642922794379,0.0054669099695545675,0.005946776446174473,0.4445744040996026,0.1315731268464914,0.3130012772531112
EleutherAI/pythia-410m,3,6,0.008168837603400814,0.0039715486414295675,0.006070193122415191,0.4233141827267626,0.21915116297200185,0.20416301975476073
EleutherAI/pythia-410m,3,7,0.0047993379480701925,0.002182904411764941,0.0034911211799175668,0.4000659681710822,0.2385022077436625,0.1615637604274197
EleutherAI/pythia-410m,3,8,0.0014522776884193789,0.013510760139016753,0.007481518913718066,0.43066386526791356,0.1355018681752816,0.29516199709263197
EleutherAI/pythia-410m,3,9,-0.0035692102768840606,-0.0026204726275271817,-0.003094841452205621,0.34433640803511,0.09822857988354655,0.24610782815156346
EleutherAI/pythia-410m,3,10,0.0009671379538143121,0.0016219195197613168,0.0012945287367878144,0.341256277166289,0.15131485412845813,0.18994142303783085
EleutherAI/pythia-410m,3,11,-4.1737275964681686e-05,0.008550082936006564,0.004254172830020941,0.4225160036105619,0.16414880928049436,0.25836719433006755
EleutherAI/pythia-410m,3,12,-0.00502552705652537,0.00396212409524388,-0.000531701480640745,0.4100684954383767,0.17586776681420282,0.23420072862417388
EleutherAI/pythia-410m,3,13,-0.0007638370289519969,0.00087738037109375,5.677167107087655e-05,0.4465271809730713,0.1399143383622743,0.306612842610797
EleutherAI/pythia-410m,3,14,-0.00162506103515625,-0.006944768569048687,-0.0042849148021024686,0.3202496801459882,0.208093252134123,0.1121564280118652
EleutherAI/pythia-410m,3,15,-0.0004375682157626848,0.0040774625890396266,0.0018199471866384709,0.34816147445150303,0.17841889845796247,0.16974257599354056
EleutherAI/pythia-410m,4,0,0.008075040929457877,0.006391188677619564,0.0072331148035387205,0.3971638840241901,0.10149983094070733,0.29566405308348276
EleutherAI/pythia-410m,4,1,0.0003765330595131289,0.005269218893612315,0.002822875976562722,0.3290952819032673,0.21709439396793725,0.11200088793533006
EleutherAI/pythia-410m,4,2,0.007161757525275814,0.005670435288373188,0.006416096406824501,0.49190996422066746,0.19362279428031914,0.2982871699403483
EleutherAI/pythia-410m,4,3,0.010629541733685688,0.0052732579848346894,0.007951399859260189,0.5621034879139536,0.20399982249587034,0.35810366541808325
EleutherAI/pythia-410m,4,4,-0.009429931640625,-0.003175623276654438,-0.006302777458639719,0.24762602246763563,0.2464028079837534,0.0012232144838822123
EleutherAI/pythia-410m,4,5,0.0030333575080425668,0.0035232095157402554,0.003278283511891411,0.25986066901088295,0.12957459561095544,0.1302860733999275
EleutherAI/pythia-410m,4,6,0.007895974551930252,0.00380056044634669,0.005848267499138471,0.8317041886139123,0.20079275941420113,0.6309114291997111
EleutherAI/pythia-410m,4,7,-0.007304472081801183,-0.0037309983197379992,-0.005517735200769591,0.3837570507201817,0.17311234173444448,0.2106447089857372
EleutherAI/pythia-410m,4,8,0.008763032801011317,0.008686065673828125,0.008724549237419721,0.41925507535081946,0.17038823061688207,0.2488668447339374
EleutherAI/pythia-410m,4,9,0.001557294060202441,0.0047163121840534394,0.00313680312212794,0.4741354403569694,0.08520323807634736,0.3889322022806221
EleutherAI/pythia-410m,4,10,0.010972864487591938,0.014090594123391753,0.012531729305491845,0.3434987351058467,0.20500062322145224,0.13849811188439448
EleutherAI/pythia-410m,4,11,0.13539213292738994,0.16128315645105706,0.1483376446892235,0.5870388523309269,0.16003015783914729,0.4270086944917796
EleutherAI/pythia-410m,4,12,0.003710578469669379,0.005135255701401942,0.00442291708553566,0.4043069259202709,0.24722480814031583,0.15708211777995507
EleutherAI/pythia-410m,4,13,0.007355633903952441,0.01727451997644769,0.012315076940200065,0.3969374374216657,0.19811376668885283,0.19882367073281287
EleutherAI/pythia-410m,4,14,0.0069423002355240016,0.00983653349034963,0.008389416862936816,0.47319594909135154,0.19092736981570702,0.2822685792756445
EleutherAI/pythia-410m,4,15,0.002377678366268565,0.004052106071921191,0.003214892219094878,0.833545910060767,0.10563339118813928,0.7279125188726276
EleutherAI/pythia-410m,5,0,0.0028130026424633137,0.008007947136374316,0.005410474889418815,0.47114068208982723,0.14384920292437334,0.32729147916545387
EleutherAI/pythia-410m,5,1,0.008389641256893565,0.0042233186609608175,0.006306479958927191,0.4235877406907324,0.12300385560597886,0.30058388508475353
EleutherAI/pythia-410m,5,2,0.01692603616153532,0.014577080221737315,0.015751558191636317,0.2851968705727894,0.09092347273423208,0.19427339783855735
EleutherAI/pythia-410m,5,3,-0.0034269445082717453,-0.0012619916130511832,-0.0023444680606614643,0.4549336625977857,0.1890100801653477,0.265923582432438
EleutherAI/pythia-410m,5,4,0.00270843505859375,0.005921307732077441,0.0043148713953355955,0.28869744073812387,0.1323509719414685,0.15634646879665537
EleutherAI/pythia-410m,5,5,-0.0045399385340072484,-0.0022675009334784946,-0.0034037197337428715,0.5939877750636251,0.07959146201719637,0.5143963130464287
EleutherAI/pythia-410m,5,6,0.00514984130859375,0.007613911348230751,0.00638187632841225,0.4004038921296773,0.21586761115732772,0.1845362809723496
EleutherAI/pythia-410m,5,7,-0.0012916116153491863,0.003405627082376128,0.0010570077335134709,0.42158412196517986,0.2726592915424631,0.14892483042271676
EleutherAI/pythia-410m,5,8,-0.0006897870232074332,0.0028235491584331918,0.0010668810676128793,0.5999096597128708,0.09446926463643222,0.5054403950764386
EleutherAI/pythia-410m,5,9,-0.005253960104549371,0.005315668442670063,3.085416906034588e-05,0.42265518558117826,0.1302783677831225,0.2923768177980558
EleutherAI/pythia-410m,5,10,-9.424546185643479e-05,0.008185442756204253,0.004045598647173909,0.45714224994058256,0.2726752078250937,0.18446704211548887
EleutherAI/pythia-410m,5,11,-0.0026132920209098742,0.001560211181640625,-0.0005265404196346246,0.33906753946885715,0.18909318709903927,0.14997435236981788
EleutherAI/pythia-410m,5,12,-0.005154777975643121,-0.0018775042365577477,-0.0035161411061004344,0.4338888473608235,0.10787160678818374,0.32601724057263975
EleutherAI/pythia-410m,5,13,-0.001981847426470562,0.0016993354348575629,-0.0001412559958064996,0.36905495591547155,0.17231382594665987,0.19674112996881168
EleutherAI/pythia-410m,5,14,0.0034363690544578773,0.0011475506950828773,0.0022919598747703773,0.3993581376472715,0.17125999014699414,0.22809814750027738
EleutherAI/pythia-410m,5,15,0.001166399787454253,0.0050816255457264425,0.003124012666590348,0.47327449072394545,0.13101294044515274,0.3422615502787927
EleutherAI/pythia-410m,6,0,-2.5580911075184787e-05,-0.006182951085707433,-0.003104265998391309,0.029933796620152928,-0.14205603316249735,0.17198982978265026
EleutherAI/pythia-410m,6,1,-0.0028493544634646817,-0.006469502168542807,-0.004659428316003744,0.49156016799896834,0.28855057492951547,0.20300959306945288
EleutherAI/pythia-410m,6,2,-0.001702252556295747,0.002727508544921875,0.000512627994313064,0.051675641665053174,0.04911742119875604,0.002558220466297133
EleutherAI/pythia-410m,6,3,-0.0025984820197608727,-0.004929262049057748,-0.00376387203440931,-0.02398645930480156,-0.009027708126326923,-0.014958751178474637
EleutherAI/pythia-410m,6,4,0.008259043974035318,0.003435022690716938,0.005847033332376128,0.2060632297155126,0.01544048880504831,0.1906227409104643
EleutherAI/pythia-410m,6,5,-0.0013387343462771817,-0.0030712800867416234,-0.0022050072165094026,0.34816052513054196,0.1032014964951073,0.24495902863543467
EleutherAI/pythia-410m,6,6,-0.006175770479089682,0.0014910978429458766,-0.0023423363180719026,0.19859529667476927,0.1165871350545344,0.08200816162023487
EleutherAI/pythia-410m,6,7,-0.0019306856043197484,-0.0008060230928306211,-0.0013683543485751848,0.26265042505034963,0.23630847349496897,0.02634195155538066
EleutherAI/pythia-410m,6,8,0.0017552095301014425,0.0019100413602943789,0.0018326254451979107,0.30025401070537033,0.08229888209206801,0.21795512861330232
EleutherAI/pythia-410m,6,9,-6.731818703809012e-06,-0.005642161649816124,-0.0028244467342599666,0.2539481174991592,0.08711037725619979,0.1668377402429594
EleutherAI/pythia-410m,6,10,0.0027901144588695637,0.0035155801212090054,0.0031528472900392845,0.6898613034041465,0.16857629791119214,0.5212850054929544
EleutherAI/pythia-410m,6,11,0.0008616727941177516,-8.616727941168634e-05,0.0003877527573530326,0.18565391617963534,0.12675240496799348,0.05890151121164186
EleutherAI/pythia-410m,6,12,0.0020859662224266273,0.0061535554773670675,0.004119760849896847,0.6634810192657964,0.19393629162792206,0.46954472763787436
EleutherAI/pythia-410m,6,13,0.0025383444393383137,0.007917067583869564,0.005227706011603939,0.3983809987498336,0.14332945757013343,0.2550515411797002
EleutherAI/pythia-410m,6,14,-0.002354790182674371,-0.001667022705078125,-0.002010906443876248,0.2490019390052047,0.15163132322769646,0.09737061577750825
EleutherAI/pythia-410m,6,15,0.0004380170036766273,-0.0011574240291816196,-0.0003597035127524961,0.4414407466009824,0.22173779937710705,0.21970294722387537
EleutherAI/pythia-410m,7,0,0.01363597196691213,0.014960120705997504,0.014298046336454817,0.9839849004124784,0.27066680893236805,0.7133180914801104
EleutherAI/pythia-410m,7,1,-0.000457763671875,0.004147473503561816,0.001844854915843408,0.09038723112127804,0.1337223241315859,-0.04333509301030787
EleutherAI/pythia-410m,7,2,-0.008240194881663498,0.00565450331744044,-0.0012928457821115291,0.3615524563367354,0.1706636806628665,0.1908887756738689
EleutherAI/pythia-410m,7,3,-0.004803377039292123,-0.004216362448299371,-0.004509869743795747,0.4595976606406855,0.1356975933616156,0.32390006727906995
EleutherAI/pythia-410m,7,4,-0.0007795446059279953,0.006603240966796875,0.00291184818043444,0.26533189593866147,0.2527682628051856,0.01256363313347586
EleutherAI/pythia-410m,7,5,-0.00431599336511912,0.001514434814453125,-0.0014007792753329973,0.4428371501571345,0.13638167735710446,0.30645547280003005
EleutherAI/pythia-410m,7,6,-0.004041783949908062,0.001441057990579253,-0.0013003629796644045,0.4152940502158896,0.149715674858618,0.2655783753572716
EleutherAI/pythia-410m,7,7,0.0030970853917740016,0.0002012813792511281,0.0016491833855125648,0.014954986388088166,-0.0006079172464477351,0.0155629036345359
EleutherAI/pythia-410m,7,8,0.0005686142865353183,0.00417440077837794,0.0023715075324566293,0.28819585877294573,0.171311575066058,0.11688428370688775
EleutherAI/pythia-410m,7,9,0.006261488970588314,-0.004196391386144249,0.0010325487922220322,0.45703125846669684,0.2827587119553076,0.17427254651138924
EleutherAI/pythia-410m,7,10,-0.003834892721736871,0.0062451082117420675,0.0012051077450025982,0.33750856393568407,0.11205157074131895,0.22545699319436513
EleutherAI/pythia-410m,7,11,0.009806464700138129,0.01040626974666825,0.01010636722340319,0.46647089412120374,0.3573535633132361,0.10911733080796765
EleutherAI/pythia-410m,7,12,-0.0026438095990348742,-0.0027479283949904953,-0.002695868997012685,0.5625008680676503,0.1767239188533376,0.3857769492143127
EleutherAI/pythia-410m,7,13,0.0044636445886951925,-7.786470300974457e-05,0.002192889942842724,0.26331357300474295,0.11983007500783488,0.14348349799690807
EleutherAI/pythia-410m,7,14,0.0017273846794578773,0.00017614925608944176,0.0009517669677736595,0.2516304875131735,0.1210996726888293,0.1305308148243442
EleutherAI/pythia-410m,7,15,-0.0017677755916816196,3.208833582268866e-05,-0.0008678436279294655,0.33681805580836593,0.17505506123229378,0.16176299457607216
EleutherAI/pythia-410m,8,0,0.00046673943014718944,0.005903580609490255,0.0031851600198187224,0.485595043543603,0.2044558535099128,0.2811391900336902
EleutherAI/pythia-410m,8,1,0.004920061896829253,0.0106201171875,0.0077700895421646266,0.48682853170718693,0.15054743348197352,0.3362810982252134
EleutherAI/pythia-410m,8,2,0.0027008056640625,0.0054135042078358175,0.004057154935949159,0.43178985046289475,0.13312583017884344,0.2986640202840513
EleutherAI/pythia-410m,8,3,-0.007880266974953809,-0.0013672323787909946,-0.004623749676872402,0.458091887160962,0.1439849158508947,0.31410697131006726
EleutherAI/pythia-410m,8,4,-0.0017044964958636832,0.004016651826746376,0.0011560776654413463,0.2338600369232573,0.1383223161264068,0.0955377207968505
EleutherAI/pythia-410m,8,5,0.001708086799173003,0.001251220703125,0.0014796537511490016,0.7062178742297713,0.17592633396536553,0.5302915402644058
EleutherAI/pythia-410m,8,6,0.0055622774011951925,0.0008715461282169379,0.003216911764706065,0.19362999934854214,0.21394251508148568,-0.020312515732943542
EleutherAI/pythia-410m,8,7,0.0018198349896603183,0.004387799431296191,0.0031038172104782547,0.04385088483170521,0.06126943337969807,-0.01741854854799286
EleutherAI/pythia-410m,8,8,-0.0030064302332259984,0.0032126482795269418,0.00010310902315047166,0.39467323515152103,0.25850214479186706,0.13617109035965397
EleutherAI/pythia-410m,8,9,-0.0017641852883731879,0.005703645593980067,0.0019697301528034394,0.2809666103871025,0.2843545716509903,-0.0033879612638877954
EleutherAI/pythia-410m,8,10,0.021749159869025814,0.020877838134765625,0.02131349900189572,0.2938911934822106,0.23504312798183213,0.058848065500378466
EleutherAI/pythia-410m,8,11,-0.0019253001493564348,-0.0008796243106616863,-0.0014024622300090606,0.29948177938844284,0.22668551930573244,0.0727962600827104
EleutherAI/pythia-410m,8,12,-0.0017686731675090606,0.0013872034409470047,-0.00019073486328102796,0.39337589108665794,0.11474590585982307,0.27862998522683485
EleutherAI/pythia-410m,8,13,0.0006529864142925668,0.007520787856158062,0.0040868871352253144,0.3588476551134158,0.30934186035788885,0.049505794755526966
EleutherAI/pythia-410m,8,14,0.003298591164981879,0.008223589728860503,0.005761090446921191,0.3714150747852693,0.20895850223019816,0.16245657255507115
EleutherAI/pythia-410m,8,15,-0.0009074491613048075,-0.0022006315343516825,-0.001554040347828245,0.47600974978479205,0.30354270399228345,0.1724670457925086
EleutherAI/pythia-410m,9,0,-0.0027201035443473742,0.007436864516314312,0.002358380485983469,0.10826173184670285,0.07837737069850594,0.02988436114819691
EleutherAI/pythia-410m,9,1,0.0006965188419121304,0.006158716538373188,0.003427617690142659,0.4165207798221042,0.21469141129371916,0.20182936852838507
EleutherAI/pythia-410m,9,2,-0.00046673943014674535,0.006110247443704253,0.002821754006778754,0.38257172053645194,0.23501582048911515,0.1475559000473368
EleutherAI/pythia-410m,9,3,-0.0045475679285384984,-0.00525665283203125,-0.004902110380284874,0.4180723279794278,0.2011542490353899,0.2169180789440379
EleutherAI/pythia-410m,9,4,0.0034637451171875,0.004497528076171875,0.0039806365966796875,0.3306666653744109,0.21466822551598513,0.11599843985842578
EleutherAI/pythia-410m,9,5,0.010580623851103255,0.00989016364602513,0.010235393748564192,0.4552126124115549,0.10695289351041988,0.34825971890113505
EleutherAI/pythia-410m,9,6,0.0007059433880978183,-0.0008098377900962461,-5.1947200999213905e-05,0.20132902544007708,0.1221940459923909,0.07913497944768617
EleutherAI/pythia-410m,9,7,0.01079693962545969,0.009378096636603939,0.010087518131031814,0.5891912775239982,0.25149642633317043,0.3376948511908278
EleutherAI/pythia-410m,9,8,0.002828710219439312,0.005246330710018565,0.004037520464728939,0.3532558305610594,0.09683922498745963,0.2564166055735998
EleutherAI/pythia-410m,9,9,-0.004050310920266309,-0.0017507216509646817,-0.0029005162856154953,0.4204446186305705,0.13981656681008198,0.2806280518204885
EleutherAI/pythia-410m,9,10,-0.00045058306525724845,0.0033156451056988168,0.0014325310202207842,0.418244910066828,0.18174753711127672,0.2364973729555513
EleutherAI/pythia-410m,9,11,0.003631591796875,-0.004044252283432748,-0.00020633024327887384,0.30607028481638626,0.22300856346271553,0.08306172135367074
EleutherAI/pythia-410m,9,12,0.002942253561581065,-8.7738037109375e-05,0.001427257762235845,0.469384095226171,0.21785345860789357,0.25153063661827746
EleutherAI/pythia-410m,9,13,-0.0021622601677386832,-0.004299388212316124,-0.0032308241900274037,0.5142985282209471,0.22846800090339883,0.2858305273175483
EleutherAI/pythia-410m,9,14,0.0026613123276657547,-0.0010429831112128696,0.0008091646082264425,0.4730830859438497,0.26458231641612806,0.20850076952772162
EleutherAI/pythia-410m,9,15,0.004263933967141753,0.003692626953125,0.0039782804601333766,0.4085341104018345,0.25916013533464977,0.14937397506718475
EleutherAI/pythia-410m,10,0,-0.002843969008501812,0.0025675156537228183,-0.0001382266773894969,0.015713960689108665,0.036801458278235756,-0.02108749758912709
EleutherAI/pythia-410m,10,1,0.005941503188189312,0.005237803739660318,0.005589653463924815,0.4754073218834395,0.17421212899254818,0.3011951928908913
EleutherAI/pythia-410m,10,2,0.00024952607996331366,0.0065617280847889425,0.003405627082376128,0.4188297086064356,0.20959727298034825,0.20923243562608734
EleutherAI/pythia-410m,10,3,-0.00252532958984375,0.005950703340418251,0.0017126868752872504,0.14053344738046392,0.0768784131286214,0.06365503425184252
EleutherAI/pythia-410m,10,4,9.559182559781831e-05,0.0035499123965996304,0.0018227521110987244,0.1741281214018341,0.12306256255033698,0.051065558851497106
EleutherAI/pythia-410m,10,5,-0.0003873039694393121,0.006279889275046191,0.0029462926528034394,0.424034742209117,0.14963219271203476,0.27440254949708226
EleutherAI/pythia-410m,10,6,-0.0036109475528491863,0.0028091879451976887,-0.00040087980382574884,0.29919963799422405,0.2337981884820011,0.06540144951222296
EleutherAI/pythia-410m,10,7,0.0014836928423713758,0.010487949146944064,0.00598582099465772,0.5686646326797399,0.11343885878265843,0.45522577389708146
EleutherAI/pythia-410m,10,8,-0.0029988008386947484,0.006413403679343066,0.0017073014203241588,0.205452307058766,0.13777500153954972,0.06767730551921627
EleutherAI/pythia-410m,10,9,0.004499547621783062,0.005740894990808876,0.005120221306295969,-0.08101927264657525,-0.06534223248795377,-0.01567704015862148
EleutherAI/pythia-410m,10,10,0.004473517922794379,0.005271238439223502,0.004872378181008941,0.42526027214945744,0.30789616047348434,0.1173641116759731
EleutherAI/pythia-410m,10,11,-0.0016156364889705621,-0.0012640111586623703,-0.0014398238238164662,0.34114714758818865,0.1510511126349219,0.19009603495326674
EleutherAI/pythia-410m,10,12,0.00023920395795062888,-0.006168365478515625,-0.002964580760282498,0.39321056509548624,0.24152010404324725,0.151690461052239
EleutherAI/pythia-410m,10,13,-0.0029853372012866863,-0.0013306561638324332,-0.00215799668255956,0.25109698748492226,0.1128919306999134,0.13820505678500886
EleutherAI/pythia-410m,10,14,-9.379667394293634e-05,0.002553154440487315,0.0012296788832721894,0.47845871608822843,0.1663820129247109,0.31207670316351754
EleutherAI/pythia-410m,10,15,-0.000244140625,0.0011706632726333766,0.0004632613238166883,0.5398130836634131,0.21042204533793885,0.32939103832547423
EleutherAI/pythia-410m,11,0,-0.0021079568301929363,0.005492042092716254,0.0016920426312616588,0.33321566045733275,0.17084887918396127,0.16236678127337148
EleutherAI/pythia-410m,11,1,0.005444246179917567,0.008456286262063628,0.006950266220990597,0.10532208309622494,0.07041507002111136,0.03490701307511358
EleutherAI/pythia-410m,11,2,0.005389045266544379,0.006216610179228255,0.005802827722886317,0.047187440532742556,0.037096931544938205,0.01009050898780435
EleutherAI/pythia-410m,11,3,-0.0033623190487128696,-0.0006428886862361871,-0.0020026038674745283,0.5600455543521468,0.2917506197965667,0.26829493455558007
EleutherAI/pythia-410m,11,4,-0.0010456758386947484,-8.257697610281056e-05,-0.0005641264073987795,0.28516074923636,0.13075654176978949,0.1544042074665705
EleutherAI/pythia-410m,11,5,0.0016685934627758137,0.009222142836626812,0.005445368149701313,0.30304440784831355,0.2636167852394819,0.03942762260883165
EleutherAI/pythia-410m,11,6,-0.001970178940716938,-0.0009130590102248703,-0.0014416189754709041,0.1349879989296479,0.10889060075495337,0.026097398174694544
EleutherAI/pythia-410m,11,7,-0.0011179306927848742,0.0020751953125,0.0004786323098575629,0.46200790958108523,0.3047128166491692,0.15729509293191601
EleutherAI/pythia-410m,11,8,0.0031397202435665683,0.006725311279296875,0.004932515761431722,0.4824927759783809,0.17484414593849018,0.30764863003989074
EleutherAI/pythia-410m,11,9,0.008130690630744564,0.006976183723001128,0.007553437176872846,0.4847764486069148,0.23615840507857153,0.2486180435283433
EleutherAI/pythia-410m,11,10,0.0045933442957264425,0.0010351293227253144,0.0028142368092258785,0.3273163427891511,0.23744330664866412,0.089873036140487
EleutherAI/pythia-410m,11,11,0.0005820779239433804,-0.0023740880629592453,-0.0008960050695079325,0.2630811332542322,0.14527349583941718,0.11780763741481504
EleutherAI/pythia-410m,11,12,0.004750868853400814,0.0074400060317096894,0.0060954374425552516,0.34070728381777615,0.17452369532157602,0.16618358849620013
EleutherAI/pythia-410m,11,13,-0.0027385038488048075,0.0029146531048946933,8.807462804494293e-05,0.40981690693929074,0.15292819212188455,0.25688871481740616
EleutherAI/pythia-410m,11,14,-0.0007144703584556211,0.002122991225298687,0.000704260433421533,0.06154645085484928,0.04292000832652869,0.01862644252832059
EleutherAI/pythia-410m,11,15,0.0017789952895221894,0.0033726411707264425,0.002575818230124316,0.4020177135790528,0.26429461224663237,0.13772310133242044
EleutherAI/pythia-410m,12,0,-0.0005757948931521817,0.004834119011374316,0.002129162059111067,0.47985836139784677,0.16108079371124973,0.31877756768659704
EleutherAI/pythia-410m,12,1,0.0006902358111213758,-0.0023312288172103734,-0.0008204965030444988,0.3697155369333867,0.2889937394677601,0.08072179746562663
EleutherAI/pythia-410m,12,2,0.0027299768784470047,0.004940032958984375,0.00383500491871569,0.46292096533596805,0.1839822562992908,0.2789387090366773
EleutherAI/pythia-410m,12,3,-0.0016820571001834317,0.005295472986558192,0.00180670794318738,0.15424858887841542,0.1312124196056252,0.023036169272790202
EleutherAI/pythia-410m,12,4,0.005954069249770377,0.0032332925235527554,0.004593680886661566,0.5112774837716823,0.10586280313762382,0.40541468063405844
EleutherAI/pythia-410m,12,5,0.007199904497932064,0.0068983190199909394,0.0070491117589615016,0.5216005110486222,0.12462658724081793,0.3969739238078042
EleutherAI/pythia-410m,12,6,0.0050587373621326925,0.00148773193359375,0.0032732346478632213,0.17825272770673753,0.13045116014274846,0.04780156756398907
EleutherAI/pythia-410m,12,7,-0.0005968879250919379,0.004413829130285318,0.0019084706025966902,0.38035554873456395,0.20347777722737034,0.1768777715071936
EleutherAI/pythia-410m,12,8,0.0017673268037685652,0.001105364631204253,0.0014363457174864092,0.1925072725273207,0.09577954580768189,0.0967277267196388
EleutherAI/pythia-410m,12,9,0.007992463953355067,0.010928434484145377,0.009460449218750222,0.5654943563313682,0.28578072295926815,0.2797136333721001
EleutherAI/pythia-410m,12,10,-0.001746233771828809,-0.00482693840475612,-0.0032865860882924647,0.5904969863270755,0.24608161945924845,0.34441536686782703
EleutherAI/pythia-410m,12,11,0.0005008473115810652,-0.0008894976447608727,-0.00019432516658990373,0.4892172917383018,0.2509012491704313,0.23831604256787053
EleutherAI/pythia-410m,12,12,-0.003914776970358247,0.0008091646082264425,-0.0015528061810659022,0.6033465593038844,0.31785941994011657,0.2854871393637678
EleutherAI/pythia-410m,12,13,0.004990521599264941,0.0018023322610294379,0.0033964269301471894,0.4776470387291621,0.28549968494278866,0.19214735378637343
EleutherAI/pythia-410m,12,14,0.008087606991038943,0.0051435582778034394,0.006615582634421191,0.5216854687404494,0.21214232535906147,0.30954314338138794
EleutherAI/pythia-410m,12,15,0.001364764045266753,0.0062154882094440644,0.0037901261273554088,0.4337181625514282,0.2354721294388926,0.1982460331125356
EleutherAI/pythia-410m,13,0,0.009516547707950629,0.0038216534782860023,0.006669100593118316,0.5423438508550392,0.2143002669306514,0.3280435839243878
EleutherAI/pythia-410m,13,1,-0.0007948033949904953,0.006566889145795063,0.0028860428754022838,0.31904361030667117,0.1854165916530699,0.13362701865360127
EleutherAI/pythia-410m,13,2,0.005376927992876812,0.005170709946576313,0.0052738189697265625,0.3526113649571974,0.13845423355953995,0.21415713139765746
EleutherAI/pythia-410m,13,3,0.0005313648897060652,0.00740275663488088,0.003967060762293473,0.2687967712995487,0.24010334862625815,0.02869342267329056
EleutherAI/pythia-410m,13,4,-0.0050807279698985575,0.0013014849494488168,-0.0018896215102248703,0.23063019588537273,0.11968321052513886,0.11094698536023387
EleutherAI/pythia-410m,13,5,-0.002968732048483247,0.004183600930606879,0.000607434441061816,0.19570556377286089,0.16098418044044016,0.034721383332420724
EleutherAI/pythia-410m,13,6,0.00814953972311594,0.011110417983111187,0.009629978853113563,0.47718336569346903,0.29320710765478664,0.1839762580386824
EleutherAI/pythia-410m,13,7,0.00014181698069881676,0.005817413330078125,0.002979615155388471,0.7197270299586327,0.2000071478300404,0.5197198821285923
EleutherAI/pythia-410m,13,8,0.0017354628619026258,0.00041647518382381676,0.0010759690228632213,0.472641956139863,0.3046888898180769,0.16795306632178608
EleutherAI/pythia-410m,13,9,-0.0008966782513786242,0.006634431726792567,0.0028688767377069713,0.2692171795688418,0.19188789370101614,0.07732928586782564
EleutherAI/pythia-410m,13,10,0.0009617524988514425,0.0013162949505978183,0.0011390237247246304,0.4286242876055719,0.1899749692981791,0.2386493183073928
EleutherAI/pythia-410m,13,11,0.004513011259191568,0.0007645102108226887,0.0026387607350071285,0.4433264739672567,0.29516086004879,0.14816561391846672
EleutherAI/pythia-410m,13,12,0.0030701581169578773,0.0074310302734375,0.005250594195197689,0.5035885586882936,0.32090550369718873,0.18268305499110482
EleutherAI/pythia-410m,13,13,0.0026402192957264425,0.002213421989889941,0.0024268206428081918,0.37291361523312233,0.23643363010850915,0.13647998512461318
EleutherAI/pythia-410m,13,14,0.0018332986270683804,0.008330401252298003,0.005081849939683192,0.1463566401383415,0.13987878295143621,0.006477857186905273
EleutherAI/pythia-410m,13,15,-0.0035413854262404953,0.003733466653263129,9.604061351131676e-05,0.3166908848415408,0.18625764337418935,0.13043324146735144
EleutherAI/pythia-410m,14,0,0.0008199355181526258,0.00017098819508287733,0.0004954618566177516,0.20141212627909888,0.16020668949543987,0.04120543678365901
EleutherAI/pythia-410m,14,1,-0.0006090051987590606,0.006178463206572005,0.002784729003906472,0.6400035861014263,0.23639608799657807,0.4036074981048482
EleutherAI/pythia-410m,14,2,-0.0026231653550090606,-0.00010187485638768479,-0.0013625201056983727,0.3149413397670491,0.13566724242108782,0.17927409734596125
EleutherAI/pythia-410m,14,3,-0.004557441262637685,0.002654131721048003,-0.0009516547707948408,0.4822726157312315,0.26484124043956864,0.21743137529166284
EleutherAI/pythia-410m,14,4,-0.0032676247989429363,0.0038638395421646266,0.0002981073716108451,0.43724125274376807,0.22918261353664474,0.20805863920712334
EleutherAI/pythia-410m,14,5,-0.0025284711052386832,0.004286822150735503,0.0008791755227484099,0.28043108623373103,0.21630452494267494,0.0641265612910561
EleutherAI/pythia-410m,14,6,-0.0008194867302386832,0.005489573759191568,0.0023350435144764425,0.5942938654311108,0.19344009450009422,0.4008537709310166
EleutherAI/pythia-410m,14,7,0.009145848891314312,0.008524950812844878,0.008835399852079595,0.5468252059479388,0.32589917403553476,0.22092603191240406
EleutherAI/pythia-410m,14,8,-0.006009270163143121,0.0020832734949451925,-0.0019629983340989643,0.5651300090864779,0.40481248247997526,0.16031752660650267
EleutherAI/pythia-410m,14,9,-0.0017368092256431211,0.005544550278607563,0.0019038705264822209,0.3780379176883825,0.24303248206038616,0.13500543562799636
EleutherAI/pythia-410m,14,10,0.0010743982651657547,0.005458831787109375,0.003266615026137565,0.4513836399744785,0.22367820589987483,0.22770543407460367
EleutherAI/pythia-410m,14,11,0.00015213910271150155,-0.000895556281594434,-0.00037170858944146623,0.8178349004717435,0.1926046592773958,0.6252302411943477
EleutherAI/pythia-410m,14,12,0.0031962675206802516,0.004149044261259505,0.003672655890969878,0.4489112893684117,0.3026099191219746,0.14630137024643708
EleutherAI/pythia-410m,14,13,-0.0024876314051009984,0.006906397202435688,0.0022093828986673447,0.3785713452582488,0.21629191919203763,0.16227942606621118
EleutherAI/pythia-410m,14,14,-0.00020958395565218169,0.008741042193244564,0.004265729118796191,0.35240236294817984,0.23807303260508828,0.11432933034309156
EleutherAI/pythia-410m,14,15,-0.0018175910500919379,0.0035016676958870008,0.0008420383228975314,0.40166953783532605,0.3306184303832053,0.07105110745212073
EleutherAI/pythia-410m,15,0,-0.0028655108283546227,0.0009013905244716902,-0.0009820601519414662,0.32433598071927133,0.20092594161152655,0.12341003910774478
EleutherAI/pythia-410m,15,1,-0.007532007553998188,0.002521514892578125,-0.0025052463307100314,0.2660684314250704,0.15652769791338,0.10954073351169041
EleutherAI/pythia-410m,15,2,-0.00048289579503668634,0.0030474943273208766,0.001282299266142095,0.5470861491405798,0.327696569158748,0.21938957998183184
EleutherAI/pythia-410m,15,3,0.0038497027228863168,0.004541509291704937,0.004195606007295627,0.5286251081984709,0.24047672110289398,0.2881483870955769
EleutherAI/pythia-410m,15,4,-0.0018678552964153106,0.005764231962316568,0.0019481883329506289,0.22107069055826734,0.041852758528750006,0.17921793202951733
EleutherAI/pythia-410m,15,5,0.0011623606962318789,0.0004808762494259433,0.0008216184728289111,0.14886632705857353,0.11275161590693174,0.03611471115164179
EleutherAI/pythia-410m,15,6,-0.0025868135340072484,0.0012570549460018121,-0.0006648792940027182,0.27826560313584764,0.135252493142886,0.14301310999296163
EleutherAI/pythia-410m,15,7,-0.0028260174919574332,0.003607806037454253,0.00039089427274840993,0.4187242795590302,0.20062778583236163,0.21809649372666856
EleutherAI/pythia-410m,15,8,-0.00042186063878668634,0.003110773423138813,0.0013444563921760633,0.22902106791303437,0.20027326132987736,0.02874780658315701
EleutherAI/pythia-410m,15,9,-8.392333984375e-05,-0.00046853458180118324,-0.0002762289608224666,0.3993300483822408,0.153879203404104,0.2454508449781368
EleutherAI/pythia-410m,15,10,0.002344916848575629,0.0024972803452438797,0.0024210985969097543,0.33262521966452924,0.183468192697739,0.14915702696679023
EleutherAI/pythia-410m,15,11,0.0013988719267006289,0.007676966050091938,0.004537918988396283,0.5925654349493189,0.29924108292104445,0.29332435202827445
EleutherAI/pythia-410m,15,12,-0.0028717938591449332,0.004719902487362315,0.000924054314108691,0.743674563619904,0.3018386971983957,0.44183586642150835
EleutherAI/pythia-410m,15,13,0.002878974465763129,0.00892751357134669,0.0059032440185549095,0.5249525645805574,0.22464872305285888,0.3003038415276985
EleutherAI/pythia-410m,15,14,-0.004327213062959245,0.006651934455423003,0.0011623606962318789,0.44450550665998173,0.23173415790297702,0.2127713487570047
EleutherAI/pythia-410m,15,15,-0.001601275275735059,0.010344112620634505,0.004371418672449723,0.6271624652707966,0.3864173576114182,0.24074510765937834
EleutherAI/pythia-410m,16,0,-0.007320628446691124,0.0006368300494026258,-0.0033418991986442492,0.5852274883996412,0.2149399026180268,0.3702875857816144
EleutherAI/pythia-410m,16,1,-4.8917882582433236e-05,0.001982745002298003,0.0009669135598577849,0.355315891256558,0.2147681895166003,0.1405477017399577
EleutherAI/pythia-410m,16,2,0.003683202406939312,0.0019430272719440644,0.0028131148394416883,0.42942819407097965,0.11885298724874088,0.31057520682223877
EleutherAI/pythia-410m,16,3,-0.0005515603458179363,0.0032631369198070637,0.0013557882869945637,0.3052951326363715,0.1959494861051797,0.10934564653119178
EleutherAI/pythia-410m,16,4,0.0018512501436123152,0.005408118752872504,0.0036296844482424095,0.203139756658972,0.15635186220352662,0.04678789445544537
EleutherAI/pythia-410m,16,5,-0.0014392628389243711,0.004189435173483691,0.00137508616727966,0.3515241043001801,0.21342450108304883,0.13809960321713127
EleutherAI/pythia-410m,16,6,0.00023292092716031831,0.0017401751349956918,0.000986548031078005,0.23501983428330758,0.20894451320228852,0.026075321081019065
EleutherAI/pythia-410m,16,7,0.0012076882755058804,0.008239970487707193,0.004723829381606537,0.541630622827413,0.2844226649174138,0.25720795790999923
EleutherAI/pythia-410m,16,8,-0.002059038947610059,-0.001285552978515625,-0.001672295963062842,0.17630802000255255,0.1539315707763281,0.02237644922622445
EleutherAI/pythia-410m,16,9,-0.005456363453584245,0.002878974465763129,-0.0012886944939105582,0.4375731466358057,0.24069838728168758,0.19687475935411813
EleutherAI/pythia-410m,16,10,0.0017552095301014425,0.004988726447610503,0.003371967988855973,0.05263484657071305,0.10584806141901633,-0.05321321484830328
EleutherAI/pythia-410m,16,11,0.0026469511144302516,0.004909739774816568,0.00377834544462341,0.309287799104194,0.2188730697819277,0.09041472932226632
EleutherAI/pythia-410m,16,12,0.0014320822323070637,-0.00013418758616712267,0.0006489473230699705,0.42514605555791135,0.24121661042856749,0.18392944512934387
EleutherAI/pythia-410m,16,13,0.0021730310776657547,0.008458978989545063,0.005316005033605409,0.23592463824877488,0.18202439788168062,0.05390024036709426
EleutherAI/pythia-410m,16,14,-0.004290412454043935,0.0041126924402576925,-8.886000689312112e-05,0.2521334192460067,0.21927083410667556,0.03286258513933113
EleutherAI/pythia-410m,16,15,0.002566169289981879,0.013803369858685688,0.008184769574333783,0.46505272918853663,0.31897334718712084,0.1460793820014158
EleutherAI/pythia-410m,17,0,-0.010904648724724186,-0.00045439776252287345,-0.00567952324362353,0.6737553910385167,0.49248006295361374,0.18127532808490293
EleutherAI/pythia-410m,17,1,0.0010986328125,0.00785805197323075,0.004478342392865375,0.1453509473186934,0.18612865663896622,-0.040777709320272804
EleutherAI/pythia-410m,17,2,0.0009379667394302516,-0.0009781332576972446,-2.008325913349651e-05,0.4161563953971181,0.3090401760672162,0.1071162193299019
EleutherAI/pythia-410m,17,3,-0.003961899701286686,0.0025755938361675668,-0.0006931529325595598,0.3898035073327886,0.3164291027443447,0.07337440458844391
EleutherAI/pythia-410m,17,4,0.014115277458639941,0.01453624052159963,0.014325758990119786,0.7965226594736872,0.3495733838652818,0.44694927560840536
EleutherAI/pythia-410m,17,5,0.0006960700539981879,0.00474009794347463,0.002718083998736409,0.5008911432038988,0.18555044067923632,0.3153407025246625
EleutherAI/pythia-410m,17,6,0.00014002182904437888,-0.0016237146714153106,-0.0007418464211854658,0.2005175994150938,0.1681341478192317,0.03238345159586212
EleutherAI/pythia-410m,17,7,0.0026604147518383137,0.007549285888671875,0.005104850320255094,0.7294461336016345,0.42858794037978165,0.3008581932218528
EleutherAI/pythia-410m,17,8,-0.003930484547334245,-0.0036719827090991863,-0.003801233628216716,0.47489285378559115,0.2552577626052191,0.21963509118037206
EleutherAI/pythia-410m,17,9,-0.0005107206456798075,-0.0016156364889705621,-0.0010631785673251848,0.22747478057743317,0.18207900451749737,0.045395776059935805
EleutherAI/pythia-410m,17,10,-0.0030647726619941196,0.0014148038976333766,-0.0008249843821803715,0.1354431617787877,0.14722868028088534,-0.011785518502097636
EleutherAI/pythia-410m,17,11,-0.0024598065544574332,-0.0035927716423480582,-0.0030262890984027457,0.269514735109491,0.19774115032016226,0.07177358478932871
EleutherAI/pythia-410m,17,12,-0.005451875574448373,-0.0002677019904639977,-0.002859788782456185,0.477656246055761,0.16692583080315912,0.3107304152526019
EleutherAI/pythia-410m,17,13,-0.0006031709558822484,0.003412358901079937,0.0014045939725988443,0.40705553746547746,0.29426943480715256,0.1127861026583249
EleutherAI/pythia-410m,17,14,-0.0021178301642921227,-0.0007425196030559356,-0.0014301748836740291,0.45537953506052803,0.3016452415271452,0.1537342935333828
EleutherAI/pythia-410m,17,15,-0.0025823256548709317,-0.0005010717055373703,-0.001541698680204151,0.2586265656286386,0.22336052233890225,0.03526604328973637
EleutherAI/pythia-410m,18,0,-0.0006673476275271817,0.0034554425407860023,0.0013940474566294103,0.19494423832113608,0.18373236864696912,0.011211869674166958
EleutherAI/pythia-410m,18,1,-0.0016286513384646817,-0.002446118523092622,-0.002037384930778652,0.384625553887053,0.3198680860594476,0.06475746782760539
EleutherAI/pythia-410m,18,2,-0.002181109260110059,0.0010418611414295675,-0.0005696240593402457,0.2917145062934569,0.2395984858976251,0.0521160203958318
EleutherAI/pythia-410m,18,3,0.0008360918830425668,0.004568660960478255,0.0027023764217604107,0.5083443478738002,0.5033022510319424,0.005042096841857857
EleutherAI/pythia-410m,18,4,-0.002287023207720562,0.003193799187155566,0.00045338798971750194,0.3713472430217434,0.2817902133046259,0.08955702971711749
EleutherAI/pythia-410m,18,5,-0.0013652128331798075,0.0045008939855240016,0.001567840576172097,0.45762886367945965,0.2517744935779582,0.20585437010150143
EleutherAI/pythia-410m,18,6,0.004564173081341938,0.0024568894330196933,0.0035105312571808156,0.4493511246550991,0.3085349270764506,0.1408161975786485
EleutherAI/pythia-410m,18,7,-0.007865008185891309,-0.0050302393296184356,-0.006447623757754872,0.3615141012227703,0.3266723792485217,0.03484172197424856
EleutherAI/pythia-410m,18,8,-0.0006516400505511832,0.0019706277286308804,0.0006594938390398486,0.08976591886791266,0.09803216680214136,-0.008266247934228699
EleutherAI/pythia-410m,18,9,0.002530266256893565,-0.0012272105497470598,0.0006515278535732527,0.5308734569545263,0.2894282780082917,0.24144517894623457
EleutherAI/pythia-410m,18,10,-0.004708682789521745,0.0010162802303539387,-0.0018462012795839033,0.27420575883226644,0.2851018981461396,-0.010896139313873177
EleutherAI/pythia-410m,18,11,-0.002053204704733247,0.000817242790671191,-0.000617980957031028,0.3061240589357053,0.2422259847268149,0.06389807420889043
EleutherAI/pythia-410m,18,12,-0.0007059433880973742,-0.0008636923397284946,-0.0007848178639129344,0.15297454320755305,0.15916399479066423,-0.006189451583111183
EleutherAI/pythia-410m,18,13,-0.0016703886144298075,0.005392186781939312,0.0018608990837547523,0.1968122574260287,0.17568613146260195,0.02112612596342675
EleutherAI/pythia-410m,18,14,-0.0022318222943473742,-0.0034220078412223742,-0.0028269150677848742,0.3040185407431521,0.25458654416302884,0.04943199658012326
EleutherAI/pythia-410m,18,15,0.0027308744542740016,-0.006051456227021745,-0.001660290886373872,0.3888489362463955,0.35897923468205933,0.02986970156433616
EleutherAI/pythia-410m,19,0,-0.0019033095415896817,0.0007384805118340054,-0.0005824145148778381,0.40496788762302066,0.39229835069161906,0.012669536931401604
EleutherAI/pythia-410m,19,1,0.0018144495346970047,0.0026601903578815644,0.0022373199462892845,0.3393211359559954,0.17613070531940736,0.16319043063658803
EleutherAI/pythia-410m,19,2,0.007304472081801627,0.009643779081457193,0.00847412558162941,0.6600478332980749,0.5842669944994758,0.07578083879859909
EleutherAI/pythia-410m,19,3,0.002041985006893565,0.0020280725815720047,0.002035028794232785,0.5602273513749932,0.42317323098784304,0.1370541203871502
EleutherAI/pythia-410m,19,4,0.00025311638327218944,-0.002007428337545747,-0.0008771559771367787,0.3427443687403904,0.2974125678369299,0.045331800903460506
EleutherAI/pythia-410m,19,5,0.002074297736673003,0.00012835334329075465,0.0011013255399818789,0.2453427087696376,0.17394911116627854,0.07139359760335906
EleutherAI/pythia-410m,19,6,-0.0011138916015625,0.0009756649241730031,-6.911333869474845e-05,0.36600790014523454,0.33263200184969804,0.0333758982955365
EleutherAI/pythia-410m,19,7,-0.00041827033547781056,-0.002939112046185688,-0.0016786911908317492,0.19009446615625916,0.18028919525067016,0.009805270905588997
EleutherAI/pythia-410m,19,8,-0.0011260088752296227,-0.0010064068962543082,-0.0010662078857419655,0.12406245282847417,0.1487986219576947,-0.024736169129220525
EleutherAI/pythia-410m,19,9,0.002553154440487315,0.0001631344065948781,0.0013581444235410967,0.4219278879891106,0.30298410469357445,0.11894378329553612
EleutherAI/pythia-410m,19,10,0.004301632151884505,0.0007483538459331918,0.002524992998908848,0.5756897077333396,0.45727594482761447,0.11841376290572514
EleutherAI/pythia-410m,19,11,0.0019320319680606879,-0.0004541733685661242,0.0007389292997472818,0.3356836136889001,0.3127700075180734,0.022913606170826717
EleutherAI/pythia-410m,19,12,-0.0027317720301009984,0.0007862764246326925,-0.000972747802734153,0.30824086550501256,0.261109250546597,0.04713161495841556
EleutherAI/pythia-410m,19,13,-0.0005672679227939348,-0.0031893113080192492,-0.001878289615406592,0.4355787858558261,0.2977538816559533,0.1378249041998728
EleutherAI/pythia-410m,19,14,-0.0007562076344207469,0.004494610954733691,0.001869201660156472,0.2814750600574197,0.23814200666846014,0.04333305338895954
EleutherAI/pythia-410m,19,15,-0.00045821245978849845,-0.0011096281163829325,-0.0007839202880857155,0.31804973029979233,0.2716838873718433,0.04636584292794904
EleutherAI/pythia-410m,20,0,0.0003765330595131289,-0.00017861758961368324,9.895773494972282e-05,0.4995368531064043,0.4100895348712562,0.08944731823514807
EleutherAI/pythia-410m,20,1,0.00472259521484375,0.00012453864602512965,0.00242356693043444,0.500698047246604,0.41395661128061745,0.0867414359659866
EleutherAI/pythia-410m,20,2,0.0008715461282169379,-0.0003172930549171227,0.0002771265366499076,0.2732871971324287,0.25048346772723457,0.02280372940519415
EleutherAI/pythia-410m,20,3,0.0013813691980701925,0.0019028607536766273,0.00164211497587341,0.446057697259153,0.38314348964653744,0.06291420761261557
EleutherAI/pythia-410m,20,4,0.0009998994715076925,-0.0008181403664981879,9.087955250475233e-05,0.36203791512730027,0.2941229877376004,0.06791492738969984
EleutherAI/pythia-410m,20,5,-0.0002993415383731879,-0.0010925741756659946,-0.0006959578570195912,0.49534894843655264,0.4047956254140407,0.09055332302251196
EleutherAI/pythia-410m,20,6,0.009769215303308876,0.009954340317670063,0.00986177781048947,0.5078409737953092,0.32493243235983515,0.18290854143547408
EleutherAI/pythia-410m,20,7,0.00102996826171875,0.0008517994600185652,0.0009408838608686576,0.4558268853645371,0.40463163558451826,0.051195249780018826
EleutherAI/pythia-410m,20,8,-0.00030741972081793634,0.0022387785070083766,0.0009656793930952201,0.4520871226311974,0.380676876601528,0.07141024602966939
EleutherAI/pythia-410m,20,9,-0.00047616397633243324,0.001631792853860503,0.0005778144387640349,0.48644362626488574,0.3971484109621106,0.08929521530277512
EleutherAI/pythia-410m,20,10,-0.0014625998104316196,-0.002400566549861871,-0.0019315831801467453,0.5506680660733181,0.4570984660495798,0.09356960002373826
EleutherAI/pythia-410m,20,11,0.0006718355066639425,0.0007894179400276258,0.0007306267233457842,0.46059870628760075,0.3904586919048068,0.07014001438279394
EleutherAI/pythia-410m,20,12,-0.0005008473115806211,0.00444905898150294,0.0019741058349611595,0.5280767163362424,0.4712011624017524,0.05687555393449001
EleutherAI/pythia-410m,20,13,0.0014020134420955621,-0.0001736809225643121,0.000614166259765625,0.14474952713558828,0.1459406665427655,-0.0011911394071772163
EleutherAI/pythia-410m,20,14,-0.0006161858053768121,-0.003651787252986871,-0.0021339865291818416,0.2980892046502909,0.38152432384009755,-0.08343511918980667
EleutherAI/pythia-410m,20,15,0.0006529864142925668,-0.0007880715762866863,-6.754258099705979e-05,0.30052988746139125,0.32059690529724766,-0.020067017835856404
EleutherAI/pythia-410m,21,0,-0.004002290613510873,-0.000205096076516309,-0.002103693345013591,0.5211734515774203,0.45790340785203276,0.06327004372538758
EleutherAI/pythia-410m,21,1,-0.000853594611672559,-0.0013555638930373703,-0.0011045792523549647,0.3829126331670036,0.3618052766338882,0.021107356533115407
EleutherAI/pythia-410m,21,2,0.0016075583065258137,0.0004842421587776258,0.0010459002326517197,0.5327025343062012,0.45055173728014936,0.08215079702605182
EleutherAI/pythia-410m,21,3,-0.001555498908547559,-6.597182329937112e-05,-0.0008107353659234651,0.5226568356971827,0.43989217853529916,0.08276465716188353
EleutherAI/pythia-410m,21,4,-0.0018642649931064348,0.00093841552734375,-0.0004629247328813424,0.21507941663055205,0.24818392831110955,-0.0331045116805575
EleutherAI/pythia-410m,21,5,-0.0008136524873618711,-0.0027299768784465606,-0.0017718146829042158,0.21002077599552016,0.26294008982082023,-0.052919313825300074
EleutherAI/pythia-410m,21,6,0.0025598862591915683,-0.0016151877010566196,0.00047234927906747437,0.31764614610920167,0.2648022570966868,0.052843889012514855
EleutherAI/pythia-410m,21,7,0.005679411046645377,0.00411448759191213,0.004896949319278754,0.5778004950669516,0.33884278409262736,0.23895771097432428
EleutherAI/pythia-410m,21,8,-0.002415825338924371,-0.0005093742819393121,-0.0014625998104318416,0.438772771561869,0.44045817160556855,-0.0016854000436995475
EleutherAI/pythia-410m,21,9,-0.000495013068703809,-0.0019838669720817492,-0.0012394400203927791,0.4390944392760106,0.36969779308661543,0.06939664618939517
EleutherAI/pythia-410m,21,10,-2.1541819852810562e-05,0.0012678258559284394,0.0006231420180378144,0.5906158175712218,0.5977274706468533,-0.007111653075631441
EleutherAI/pythia-410m,21,11,-0.003424700568703809,-0.001564923454733247,-0.002494812011718528,0.5045015738361338,0.47383856233210614,0.03066301150402767
EleutherAI/pythia-410m,21,12,0.0025545008042282547,-0.00116729736328125,0.0006936017204735023,0.13781007449365285,0.1280531533974738,0.009756921096179039
EleutherAI/pythia-410m,21,13,-0.0017839319565715606,-0.0002795948701743711,-0.0010317634133729658,0.5803684454142847,0.5142171005842964,0.0661513448299883
EleutherAI/pythia-410m,21,14,-0.0003545424517459317,-0.001019421745748872,-0.0006869820987474018,0.34201898638603156,0.30181382535213974,0.04020516103389182
EleutherAI/pythia-410m,21,15,-0.003030664780560688,-0.003519843606387685,-0.0032752541934741863,0.5516066240150458,0.4805036325327291,0.07110299148231669
EleutherAI/pythia-410m,22,0,-0.0007795446059279953,-0.00039987003101993324,-0.0005897073184739643,0.4732914730780915,0.44112093662746377,0.03217053645062773
EleutherAI/pythia-410m,22,1,-0.00010591394761005901,-0.0007059433880973742,-0.0004059286678537166,0.6232112727789975,0.5854209918572572,0.037790280921740305
EleutherAI/pythia-410m,22,2,-0.0013768813189334317,-0.00047436882467799535,-0.0009256250718057135,0.49748156573267677,0.36046719372185326,0.1370143720108235
EleutherAI/pythia-410m,22,3,0.0014118867761951925,0.0023520974551933804,0.0018819921156942865,0.7029948018961188,0.3224634840897702,0.38053131780634863
EleutherAI/pythia-410m,22,4,-0.00027017032398868324,-0.001143511603860059,-0.0007068409639243711,0.5330215281865529,0.4715293477955844,0.06149218039096849
EleutherAI/pythia-410m,22,5,0.0002347160788143121,0.0002769021426933804,0.00025580911075384627,0.401182542369623,0.3189193954524599,0.08226314691716308
EleutherAI/pythia-410m,22,6,0.0004671882180606879,0.0009922700769764425,0.0007297291475185652,0.5260532915060293,0.4116559229688552,0.11439736853717408
EleutherAI/pythia-410m,22,7,-1.1668485753624225e-05,0.0002614189596736871,0.00012487523696003144,0.4823863773030205,0.41358957109768907,0.0687968062053314
EleutherAI/pythia-410m,22,8,-0.0008109597598804363,0.0010667688706345047,0.00012790455537703416,0.5808552582006494,0.46095519301086585,0.11990006518978358
EleutherAI/pythia-410m,22,9,-0.0005304673138786242,-0.00015303667853849845,-0.00034175199620856134,0.44439537924522954,0.4094873131070191,0.03490806613821046
EleutherAI/pythia-410m,22,10,-0.00022080365349230746,0.0006473765653725039,0.0002132864559400982,0.4634848824903135,0.3611123807823371,0.1023725017079764
EleutherAI/pythia-410m,22,11,0.0028717938591453773,0.0030320111443016273,0.0029519025017235023,0.6434685620294076,0.2116339841748765,0.4318345778545311
EleutherAI/pythia-410m,22,12,-0.0016780180089610575,-0.0017258139217597446,-0.001701915965360401,0.5021264169557954,0.47695264584194774,0.025173771113847665
EleutherAI/pythia-410m,22,13,-0.002510968376608247,-0.0012204787310428067,-0.0018657235538255268,0.44541118701752536,0.42535593994129867,0.02005524707622669
EleutherAI/pythia-410m,22,14,-0.0019051046932441196,-0.0012633379767921227,-0.0015842213350181211,0.525026302835491,0.448188892530199,0.07683741030529201
EleutherAI/pythia-410m,22,15,-0.000334795783547559,-0.0011542825137866863,-0.0007445391486671227,0.4086696125288808,0.385208983193449,0.023460629335431804
EleutherAI/pythia-410m,23,0,0.0004671882180606879,-2.8722426470562112e-05,0.0002192328957950629,0.4592546860093625,0.45627424253168286,0.0029804434776796174
EleutherAI/pythia-410m,23,1,0.0010582419002758137,-3.0293184167806686e-05,0.0005139743580540035,0.5366809224864724,0.5016086861100328,0.035072236376439525
EleutherAI/pythia-410m,23,2,-0.0019679350011485575,-0.0014614778406478734,-0.0017147064208982155,0.34609293559675125,0.2774738956888695,0.06861903990788176
EleutherAI/pythia-410m,23,3,0.00012610940372281831,0.0003850600298713758,0.00025558471679709704,0.48092483880463693,0.4489664986614076,0.03195834014322935
EleutherAI/pythia-410m,23,4,0.0007328706629139425,-4.487879135872674e-06,0.00036419139188903493,0.54797626143077,0.4944165649087124,0.053559696522057665
EleutherAI/pythia-410m,23,5,-0.0004546221564796227,0.00017233455882381676,-0.00014114379882790296,0.5425817735241848,0.47420212785072424,0.06837964567346055
EleutherAI/pythia-410m,23,6,6.103515625e-05,0.00018624698414537733,0.00012364107019768866,0.45723878878818464,0.3550271088058659,0.10221167998231873
EleutherAI/pythia-410m,23,7,-0.0004604563993564348,0.0006357080796188797,8.762584013122243e-05,0.736055734938204,0.6661213775586298,0.06993435737957421
EleutherAI/pythia-410m,23,8,0.00010322122012906831,0.0005183500402115016,0.00031078563017028493,0.4938420864219478,0.43804145233972824,0.05580063408221958
EleutherAI/pythia-410m,23,9,-0.0007651833926929363,-0.00135040283203125,-0.0010577931123620932,0.48436989316495355,0.4442750791791831,0.04009481398577047
EleutherAI/pythia-410m,23,10,0.00037159639246331366,0.000804901123046875,0.0005882487577550943,0.534997083690222,0.4555676419369644,0.07942944175325761
EleutherAI/pythia-410m,23,11,0.00038102093864900155,0.00048312018899387965,0.0004320705638214406,0.4815986900643151,0.36841599684229714,0.11318269322201796
EleutherAI/pythia-410m,23,12,0.006148394416360503,0.007238051470588314,0.006693222943474408,0.7016624145006043,0.5660088027269761,0.13565361177362822
EleutherAI/pythia-410m,23,13,0.0006300982306988168,0.0007815641515396266,0.0007058311911192217,0.512009178938074,0.3902182702792855,0.12179090865878844
EleutherAI/pythia-410m,23,14,0.0006956212660846894,0.00125885009765625,0.0009772356818704697,0.6255855926657031,0.5178012271250187,0.10778436554068438
EleutherAI/pythia-410m,23,15,0.00023022819967843944,-7.741591509624612e-05,7.640614229109666e-05,0.6310354129070006,0.6096589209187186,0.021376491988281954
