model,layer,head,cos_self,cos_null,excess,n,kv_group,n_kv_heads,cos_across_group,status,run_id
gpt2,0,0,0.5249903378683409,0.5126176597436892,0.012372678124651704,13781,0,12,nan,completed,7600d12b0536
gpt2,0,1,0.995689193086193,0.17829590307910342,0.8173932900070895,13781,1,12,nan,completed,7600d12b0536
gpt2,0,2,0.5534995859897837,0.4704520134741408,0.08304757251564288,13781,2,12,nan,completed,7600d12b0536
gpt2,0,3,0.9791689791343795,0.2573914643149346,0.721777514819445,13781,3,12,nan,completed,7600d12b0536
gpt2,0,4,0.8708694489215744,0.20979620821245104,0.6610732407091233,13781,4,12,nan,completed,7600d12b0536
gpt2,0,5,0.9552540388824666,0.31341939060357926,0.6418346482788874,13781,5,12,nan,completed,7600d12b0536
gpt2,0,6,0.23584928633252436,0.14175812016179953,0.09409116617072483,13781,6,12,nan,completed,7600d12b0536
gpt2,0,7,0.48920368731836256,0.24238288048461235,0.2468208068337502,13781,7,12,nan,completed,7600d12b0536
gpt2,0,8,0.5064400028023562,0.34393285125245526,0.16250715154990097,13781,8,12,nan,completed,7600d12b0536
gpt2,0,9,0.5594899803207183,0.4128250369521028,0.14666494336861546,13781,9,12,nan,completed,7600d12b0536
gpt2,0,10,0.7222356448102332,0.3817201894479308,0.3405154553623024,13781,10,12,nan,completed,7600d12b0536
gpt2,0,11,0.3999480522262444,0.4571417880114463,-0.05719373578520187,13781,11,12,nan,completed,7600d12b0536
gpt2,1,0,0.5368405144915483,0.3799607724787041,0.15687974201284427,13781,0,12,nan,completed,7600d12b0536
gpt2,1,1,0.5510304112501773,0.379812687736961,0.1712177235132163,13781,1,12,nan,completed,7600d12b0536
gpt2,1,2,0.7082043354900339,0.5386819887260248,0.16952234676400912,13781,2,12,nan,completed,7600d12b0536
gpt2,1,3,0.7866173362223298,0.7738815279909715,0.012735808231358225,13781,3,12,nan,completed,7600d12b0536
gpt2,1,4,0.7165917852115894,0.4995508546514018,0.21704093056018758,13781,4,12,nan,completed,7600d12b0536
gpt2,1,5,0.6402026758540886,0.27390544139715073,0.3662972344569379,13781,5,12,nan,completed,7600d12b0536
gpt2,1,6,0.5421152536721946,0.36506260119592154,0.17705265247627305,13781,6,12,nan,completed,7600d12b0536
gpt2,1,7,0.43074598578758083,0.3531071020955348,0.07763888369204602,13781,7,12,nan,completed,7600d12b0536
gpt2,1,8,0.4228767384538748,0.4069534234460082,0.01592331500786659,13781,8,12,nan,completed,7600d12b0536
gpt2,1,9,0.3333298419075766,0.40887115721827144,-0.07554131531069486,13781,9,12,nan,completed,7600d12b0536
gpt2,1,10,0.6341891852078678,0.6209492410502921,0.013239944157575678,13781,10,12,nan,completed,7600d12b0536
gpt2,1,11,0.977206414117928,0.3083276256440748,0.6688787884738532,13781,11,12,nan,completed,7600d12b0536
gpt2,2,0,0.6250141998777956,0.5354568195112921,0.08955738036650351,13781,0,12,nan,completed,7600d12b0536
gpt2,2,1,0.3735064106198615,0.29308589570669874,0.08042051491316277,13781,1,12,nan,completed,7600d12b0536
gpt2,2,2,0.39350324564445155,0.28362634677788384,0.10987689886656771,13781,2,12,nan,completed,7600d12b0536
gpt2,2,3,0.6083621877232697,0.4999061192850601,0.10845606843820954,13781,3,12,nan,completed,7600d12b0536
gpt2,2,4,0.4865061253557738,0.42612354562047533,0.06038257973529848,13781,4,12,nan,completed,7600d12b0536
gpt2,2,5,0.5501161508943906,0.43100821993910937,0.11910793095528122,13781,5,12,nan,completed,7600d12b0536
gpt2,2,6,0.6528623811654624,0.5632534701252535,0.08960891104020885,13781,6,12,nan,completed,7600d12b0536
gpt2,2,7,0.8135401697625408,0.4396326087004924,0.3739075610620484,13781,7,12,nan,completed,7600d12b0536
gpt2,2,8,0.5666375703614036,0.4921462036945957,0.07449136666680789,13781,8,12,nan,completed,7600d12b0536
gpt2,2,9,0.5869593397592485,0.4649157313273567,0.12204360843189183,13781,9,12,nan,completed,7600d12b0536
gpt2,2,10,0.795209533720722,0.48231588055549934,0.31289365316522266,13781,10,12,nan,completed,7600d12b0536
gpt2,2,11,0.7796347007597663,0.5676172915162029,0.21201740924356338,13781,11,12,nan,completed,7600d12b0536
gpt2,3,0,0.6641877825339921,0.33885629705064285,0.3253314854833493,13781,0,12,nan,completed,7600d12b0536
gpt2,3,1,0.4612873850546966,0.36046864313151217,0.10081874192318441,13781,1,12,nan,completed,7600d12b0536
gpt2,3,2,0.5047894374617511,0.36534270745303726,0.13944673000871383,13781,2,12,nan,completed,7600d12b0536
gpt2,3,3,0.38666616590251807,0.25989974261353266,0.1267664232889854,13781,3,12,nan,completed,7600d12b0536
gpt2,3,4,0.4745154415796092,0.3778577876053806,0.0966576539742286,13781,4,12,nan,completed,7600d12b0536
gpt2,3,5,0.39088401753556534,0.20091425590525142,0.18996976163031393,13781,5,12,nan,completed,7600d12b0536
gpt2,3,6,0.5572885455988389,0.3802128888907113,0.17707565670812758,13781,6,12,nan,completed,7600d12b0536
gpt2,3,7,0.5106484205292581,0.38419976653099697,0.1264486539982611,13781,7,12,nan,completed,7600d12b0536
gpt2,3,8,0.4885850154204347,0.38426605647117484,0.10431895894925985,13781,8,12,nan,completed,7600d12b0536
gpt2,3,9,0.43891446688287983,0.30098676462620305,0.13792770225667678,13781,9,12,nan,completed,7600d12b0536
gpt2,3,10,0.765946007056144,0.17845091324083562,0.5874950938153084,13781,10,12,nan,completed,7600d12b0536
gpt2,3,11,0.5364322581979468,0.42229789392332323,0.11413436427462359,13781,11,12,nan,completed,7600d12b0536
gpt2,4,0,0.3188761639205668,0.20862220498716452,0.11025395893340226,13781,0,12,nan,completed,7600d12b0536
gpt2,4,1,0.414593849129383,0.25952771245249906,0.15506613667688396,13781,1,12,nan,completed,7600d12b0536
gpt2,4,2,0.29794364956992736,0.21394940535132081,0.08399424421860655,13781,2,12,nan,completed,7600d12b0536
gpt2,4,3,0.463471607619822,0.2652438235825977,0.1982277840372243,13781,3,12,nan,completed,7600d12b0536
gpt2,4,4,0.5055721693068963,0.13871281740423388,0.3668593519026624,13781,4,12,nan,completed,7600d12b0536
gpt2,4,5,0.35303261033311145,0.19401548129640098,0.15901712903671048,13781,5,12,nan,completed,7600d12b0536
gpt2,4,6,0.37493366703218145,0.13426952305243658,0.24066414397974487,13781,6,12,nan,completed,7600d12b0536
gpt2,4,7,0.9393311403835038,0.2918285930490576,0.6475025473344462,13781,7,12,nan,completed,7600d12b0536
gpt2,4,8,0.4334969496245154,0.1812052604502491,0.2522916891742663,13781,8,12,nan,completed,7600d12b0536
gpt2,4,9,0.3610695999858864,0.15372476504716065,0.20734483493872574,13781,9,12,nan,completed,7600d12b0536
gpt2,4,10,0.3301302391089425,0.1766338408335127,0.15349639827542982,13781,10,12,nan,completed,7600d12b0536
gpt2,4,11,0.4354865906137548,0.2012081854316107,0.23427840518214407,13781,11,12,nan,completed,7600d12b0536
gpt2,5,0,0.37605674976269554,0.29477484778592766,0.08128190197676788,13781,0,12,nan,completed,7600d12b0536
gpt2,5,1,-0.15915890142745484,-0.1874978154805426,0.02833891405308775,13781,1,12,nan,completed,7600d12b0536
gpt2,5,2,0.4046177316098908,0.2071413129212284,0.1974764186886624,13781,2,12,nan,completed,7600d12b0536
gpt2,5,3,0.4088424535982659,0.23626050384242323,0.17258194975584265,13781,3,12,nan,completed,7600d12b0536
gpt2,5,4,0.2674536679812921,0.08136885653990622,0.1860848114413859,13781,4,12,nan,completed,7600d12b0536
gpt2,5,5,0.43853049402963645,0.3806659135738844,0.057864580455752046,13781,5,12,nan,completed,7600d12b0536
gpt2,5,6,0.34500365803795274,0.2636635875278001,0.08134007051015263,13781,6,12,nan,completed,7600d12b0536
gpt2,5,7,0.35300813228558586,0.22261066970462584,0.13039746258096002,13781,7,12,nan,completed,7600d12b0536
gpt2,5,8,0.12005353251687625,-0.0014734503080601723,0.12152698282493643,13781,8,12,nan,completed,7600d12b0536
gpt2,5,9,0.4195108312946393,0.33211268445013253,0.08739814684450675,13781,9,12,nan,completed,7600d12b0536
gpt2,5,10,0.5366786546067096,0.26801855626381627,0.26866009834289334,13781,10,12,nan,completed,7600d12b0536
gpt2,5,11,0.6793836174773648,0.24465092638228972,0.43473269109507506,13781,11,12,nan,completed,7600d12b0536
gpt2,6,0,0.4757450666384381,0.19045340993267657,0.2852916567057615,13781,0,12,nan,completed,7600d12b0536
gpt2,6,1,0.3171991443757356,0.11627014241148727,0.20092900196424834,13781,1,12,nan,completed,7600d12b0536
gpt2,6,2,0.29445141086573134,0.24552037985935724,0.04893103100637411,13781,2,12,nan,completed,7600d12b0536
gpt2,6,3,0.3906485968449851,0.19315863206631365,0.19748996477867145,13781,3,12,nan,completed,7600d12b0536
gpt2,6,4,0.43446108785786397,0.2800119516743329,0.15444913618353107,13781,4,12,nan,completed,7600d12b0536
gpt2,6,5,0.5706513893150592,0.12603978193894919,0.44461160737611005,13781,5,12,nan,completed,7600d12b0536
gpt2,6,6,0.71112607979565,0.28897941249961073,0.4221466672960393,13781,6,12,nan,completed,7600d12b0536
gpt2,6,7,0.4617396898762569,0.18662419110577758,0.27511549877047936,13781,7,12,nan,completed,7600d12b0536
gpt2,6,8,0.49090806846363033,0.2196199194773826,0.27128814898624776,13781,8,12,nan,completed,7600d12b0536
gpt2,6,9,0.23080386699564415,0.17590975556602878,0.054894111429615366,13781,9,12,nan,completed,7600d12b0536
gpt2,6,10,0.3729447433643586,0.21823341865109439,0.15471132471326424,13781,10,12,nan,completed,7600d12b0536
gpt2,6,11,0.37120958742341664,0.14665115247164498,0.22455843495177166,13781,11,12,nan,completed,7600d12b0536
gpt2,7,0,0.4159668693813312,0.18391539985503239,0.23205146952629882,13781,0,12,nan,completed,7600d12b0536
gpt2,7,1,0.4837939004511433,0.27395872641504543,0.20983517403609786,13781,1,12,nan,completed,7600d12b0536
gpt2,7,2,0.2534906507987245,0.20231034289160468,0.05118030790711983,13781,2,12,nan,completed,7600d12b0536
gpt2,7,3,0.5000348692748032,0.129343257658712,0.3706916116160912,13781,3,12,nan,completed,7600d12b0536
gpt2,7,4,0.44050045822837847,0.23077774037377188,0.20972271785460658,13781,4,12,nan,completed,7600d12b0536
gpt2,7,5,0.47959783772517806,0.2637217953028461,0.21587604242233194,13781,5,12,nan,completed,7600d12b0536
gpt2,7,6,0.4631546222842085,0.3426645898614721,0.12049003242273643,13781,6,12,nan,completed,7600d12b0536
gpt2,7,7,0.4020195464140231,0.23339914967664455,0.16862039673737855,13781,7,12,nan,completed,7600d12b0536
gpt2,7,8,0.4999250796953936,0.20627824796698274,0.2936468317284109,13781,8,12,nan,completed,7600d12b0536
gpt2,7,9,0.3171301417620845,0.12117630088070679,0.19595384088137768,13781,9,12,nan,completed,7600d12b0536
gpt2,7,10,0.3714696530218322,0.3319212519179826,0.039548401103849606,13781,10,12,nan,completed,7600d12b0536
gpt2,7,11,0.19452019569666867,0.1577490093621119,0.03677118633455678,13781,11,12,nan,completed,7600d12b0536
gpt2,8,0,0.4144371266293317,0.25769639054639426,0.15674073608293743,13781,0,12,nan,completed,7600d12b0536
gpt2,8,1,0.3030703328442473,0.2140027368144568,0.08906759602979047,13781,1,12,nan,completed,7600d12b0536
gpt2,8,2,0.30279764284522254,0.2538567218767845,0.04894092096843805,13781,2,12,nan,completed,7600d12b0536
gpt2,8,3,0.390569679017076,0.25215453791411097,0.13841514110296504,13781,3,12,nan,completed,7600d12b0536
gpt2,8,4,0.446757229404621,0.2303545744836206,0.2164026549210004,13781,4,12,nan,completed,7600d12b0536
gpt2,8,5,0.5757107553155905,0.2796289679700448,0.2960817873455457,13781,5,12,nan,completed,7600d12b0536
gpt2,8,6,0.45038613345584144,0.2665120550369834,0.18387407841885806,13781,6,12,nan,completed,7600d12b0536
gpt2,8,7,0.5425285058901458,0.19808250160102459,0.3444460042891212,13781,7,12,nan,completed,7600d12b0536
gpt2,8,8,0.5243871641826088,0.3199924331787442,0.20439473100386457,13781,8,12,nan,completed,7600d12b0536
gpt2,8,9,0.5119797127198954,0.264965841826688,0.24701387089320742,13781,9,12,nan,completed,7600d12b0536
gpt2,8,10,0.6469070518053944,0.2831202708607017,0.36378678094469274,13781,10,12,nan,completed,7600d12b0536
gpt2,8,11,0.3286690651744878,0.18934279506991758,0.13932627010457022,13781,11,12,nan,completed,7600d12b0536
gpt2,9,0,0.4392734460561695,0.24826301545585872,0.1910104306003108,13781,0,12,nan,completed,7600d12b0536
gpt2,9,1,0.3461790490857977,0.30004459909305253,0.046134449992745186,13781,1,12,nan,completed,7600d12b0536
gpt2,9,2,0.4537976537155051,0.3055230280884078,0.1482746256270973,13781,2,12,nan,completed,7600d12b0536
gpt2,9,3,0.695083981090522,0.3639634108162621,0.33112057027425995,13781,3,12,nan,completed,7600d12b0536
gpt2,9,4,0.2996401873973677,0.22686120363851278,0.07277898375885491,13781,4,12,nan,completed,7600d12b0536
gpt2,9,5,0.6116888325942521,0.3296064854967668,0.2820823470974853,13781,5,12,nan,completed,7600d12b0536
gpt2,9,6,0.20936231732324456,0.16384316992208034,0.04551914740116422,13781,6,12,nan,completed,7600d12b0536
gpt2,9,7,0.39514574076993636,0.27227061017811527,0.12287513059182109,13781,7,12,nan,completed,7600d12b0536
gpt2,9,8,0.3255744222379883,0.28085174691710263,0.044722675320885696,13781,8,12,nan,completed,7600d12b0536
gpt2,9,9,0.31217878519887865,0.26892029873688955,0.0432584864619891,13781,9,12,nan,completed,7600d12b0536
gpt2,9,10,0.501664110404829,0.1633389352003334,0.33832517520449557,13781,10,12,nan,completed,7600d12b0536
gpt2,9,11,0.3618791083456089,0.352452021729696,0.009427086615912905,13781,11,12,nan,completed,7600d12b0536
gpt2,10,0,0.33476060157781895,0.26579888286726167,0.06896171871055728,13781,0,12,nan,completed,7600d12b0536
gpt2,10,1,0.459207216158269,0.4325133998078387,0.026693816350430277,13781,1,12,nan,completed,7600d12b0536
gpt2,10,2,0.336254047031308,0.3033414663918868,0.03291258063942121,13781,2,12,nan,completed,7600d12b0536
gpt2,10,3,0.4512908166636084,0.4158590511541934,0.03543176550941496,13781,3,12,nan,completed,7600d12b0536
gpt2,10,4,0.494770798009119,0.39350059604728604,0.10127020196183295,13781,4,12,nan,completed,7600d12b0536
gpt2,10,5,0.5356128179976012,0.28564797503894357,0.24996484295865762,13781,5,12,nan,completed,7600d12b0536
gpt2,10,6,0.39184244315164035,0.3504172449486981,0.04142519820294227,13781,6,12,nan,completed,7600d12b0536
gpt2,10,7,0.39225166096747605,0.30632264042962776,0.08592902053784829,13781,7,12,nan,completed,7600d12b0536
gpt2,10,8,0.3006026639004412,0.2251652562997168,0.07543740760072443,13781,8,12,nan,completed,7600d12b0536
gpt2,10,9,0.6091918313618707,0.26519846949650067,0.34399336186537005,13781,9,12,nan,completed,7600d12b0536
gpt2,10,10,0.2908402922396632,0.2757238212328846,0.015116471006778598,13781,10,12,nan,completed,7600d12b0536
gpt2,10,11,0.5717100160498405,0.3178475646461198,0.2538624514037207,13781,11,12,nan,completed,7600d12b0536
gpt2,11,0,0.7107474621772976,0.6471751849565096,0.06357227722078795,13781,0,12,nan,completed,7600d12b0536
gpt2,11,1,0.5157111577277389,0.4273194545094653,0.08839170321827361,13781,1,12,nan,completed,7600d12b0536
gpt2,11,2,0.43078256461836173,0.39671776112652124,0.03406480349184049,13781,2,12,nan,completed,7600d12b0536
gpt2,11,3,0.7238520949367142,0.5401743259957666,0.18367776894094756,13781,3,12,nan,completed,7600d12b0536
gpt2,11,4,0.40597261842596727,0.3701243776969234,0.035848240729043857,13781,4,12,nan,completed,7600d12b0536
gpt2,11,5,0.4471529339957244,0.37739601545694534,0.06975691853877908,13781,5,12,nan,completed,7600d12b0536
gpt2,11,6,0.418777166322603,0.3754289319764302,0.0433482343461728,13781,6,12,nan,completed,7600d12b0536
gpt2,11,7,0.4667874914530892,0.3737774067255833,0.09301008472750588,13781,7,12,nan,completed,7600d12b0536
gpt2,11,8,0.7730222207834143,0.5835300907597893,0.18949213002362497,13781,8,12,nan,completed,7600d12b0536
gpt2,11,9,0.3883487113859063,0.3455902557410544,0.04275845564485192,13781,9,12,nan,completed,7600d12b0536
gpt2,11,10,0.41850474764552126,0.21768855688327216,0.2008161907622491,13781,10,12,nan,completed,7600d12b0536
gpt2,11,11,0.48391758040303506,0.30084592326969084,0.18307165713334422,13781,11,12,nan,completed,7600d12b0536
